"ID","name","GroupID","category"
"1","child","1","Humans"
"2","baby","2","Humans"
"3","father","3","Humans"
"4","mother","4","Humans"
"5","man","5","Humans"
"6","woman",NULL,"Humans"
"7","person",NULL,"Humans"
"8","male",NULL,"Humans"
"9","wife",NULL,"Humans"
"10","co-wife",NULL,"Humans"
"11","white man",NULL,"Humans"
"12","black man",NULL,"Humans"
"13","twin",NULL,"Humans"
"14","uncle",NULL,"Humans"
"15","husband",NULL,"Humans"
"16","friend","16","Humans"
"17","friend (female)","16","Humans"
"18","friend (male)","16","Humans"
"19","family",NULL,"Humans"
"20","crowd, group",NULL,"Humans"
"21","chief",NULL,"Humans"
"22","sub chief",NULL,"Humans"
"23","quarter head",NULL,"Humans"
"24","elder (birth)",NULL,"Humans"
"25","aged person",NULL,"Humans"
"26","elder (cultural initiation rites)",NULL,"Humans"
"27","thief",NULL,"Humans"
"28","slave",NULL,"Humans"
"29","wicked man",NULL,"Humans"
"30","stingy man",NULL,"Humans"
"31","jealous man",NULL,"Humans"
"32","lazy man",NULL,"Humans"
"33","deity, god, God",NULL,"Humans"
"34","devil",NULL,"Humans"
"35","witch",NULL,"Humans"
"36","witch man",NULL,"Humans"
"37","spirit",NULL,"Humans"
"38","father-in-law",NULL,"Humans"
"39","mother-in-law",NULL,"Humans"
"40","corpse",NULL,"Humans"
"41","juju",NULL,"Humans"
"42","hunter",NULL,"Humans"
"43","beggar",NULL,"Humans"
"44","evil society (nyoŋgo)",NULL,"Humans"
"45","female",NULL,"Humans"
"46","prince",NULL,"Humans"
"47","messenger",NULL,"Humans"
"48","hunt (group)",NULL,"Humans"
"49","fellow man (friendly expression)",NULL,"Humans"
"50","princess",NULL,"Humans"
"51","guard",NULL,"Humans"
"52","body",NULL,"Body Parts"
"53","skin",NULL,"Body Parts"
"54","head",NULL,"Body Parts"
"55","face",NULL,"Body Parts"
"56","eye",NULL,"Body Parts"
"57","nose",NULL,"Body Parts"
"58","mouth",NULL,"Body Parts"
"59","ear",NULL,"Body Parts"
"60","jaw",NULL,"Body Parts"
"61","tooth",NULL,"Body Parts"
"62","tongue",NULL,"Body Parts"
"63","neck",NULL,"Body Parts"
"64","belly",NULL,"Body Parts"
"65","throat",NULL,"Body Parts"
"66","Adam's apple",NULL,"Body Parts"
"67","goitre",NULL,"Body Parts"
"68","hair",NULL,"Body Parts"
"69","shoulder",NULL,"Body Parts"
"70","chest",NULL,"Body Parts"
"71","breast",NULL,"Body Parts"
"72","rib",NULL,"Body Parts"
"73","arm",NULL,"Body Parts"
"74","waist",NULL,"Body Parts"
"75","navel",NULL,"Body Parts"
"76","umbilical cord",NULL,"Body Parts"
"77","elbow",NULL,"Body Parts"
"78","wrist",NULL,"Body Parts"
"79","hand",NULL,"Body Parts"
"80","stomach",NULL,"Body Parts"
"81","placenta",NULL,"Body Parts"
"82","back (human body)",NULL,"Body Parts"
"83","buttock",NULL,"Body Parts"
"84","anus",NULL,"Body Parts"
"85","foot",NULL,"Body Parts"
"86","thigh (lap)",NULL,"Body Parts"
"87","leg",NULL,"Body Parts"
"88","toe",NULL,"Body Parts"
"89","penis",NULL,"Body Parts"
"90","testicle",NULL,"Body Parts"
"91","vagina",NULL,"Body Parts"
"92","clitoris",NULL,"Body Parts"
"93","armpit",NULL,"Body Parts"
"94","forehead",NULL,"Body Parts"
"95","fist",NULL,"Body Parts"
"96","palm (hand)",NULL,"Body Parts"
"97","thumb",NULL,"Body Parts"
"98","finger",NULL,"Body Parts"
"99","knuckle",NULL,"Body Parts"
"100","fingernail",NULL,"Body Parts"
"101","nostril",NULL,"Body Parts"
"102","chin",NULL,"Body Parts"
"103","knee",NULL,"Body Parts"
"104","ankle",NULL,"Body Parts"
"105","intestine",NULL,"Body Parts"
"106","liver",NULL,"Body Parts"
"107","heart",NULL,"Body Parts"
"108","sole (underfoot)",NULL,"Body Parts"
"109","gall bladder",NULL,"Body Parts"
"110","lungs",NULL,"Body Parts"
"111","toenail",NULL,"Body Parts"
"112","shin",NULL,"Body Parts"
"113","calf",NULL,"Body Parts"
"114","heel (backfoot)",NULL,"Body Parts"
"115","bone",NULL,"Body Parts"
"116","skull",NULL,"Body Parts"
"117","spine (backbone)",NULL,"Body Parts"
"118","vein",NULL,"Body Parts"
"119","breath",NULL,"Body Parts"
"120","spit",NULL,"Body Parts"
"121","tears",NULL,"Body Parts"
"122","blood",NULL,"Body Parts"
"123","water",NULL,"Body Parts"
"124","urine",NULL,"Body Parts"
"125","marrow","125","Body Parts"
"126","marrow (bone)","125","Body Parts"
"127","marrow (brain)","125","Body Parts"
"128","brain",NULL,"Body Parts"
"129","horn (head)",NULL,"Body Parts"
"130","skeleton",NULL,"Body Parts"
"131","calf (leg)",NULL,"Body Parts"
"132","sperm",NULL,"Body Parts"
"133","teeth",NULL,"Body Parts"
"134","pregnancy",NULL,"Body Parts"
"135","gizzard (fowl)",NULL,"Body Parts"
"136","pain (n)",NULL,"Health"
"137","vomit",NULL,"Health"
"138","headache",NULL,"Health"
"139","diarrhoea",NULL,"Health"
"140","dysentry",NULL,"Health"
"141","scabies","141","Health"
"142","skin rasches (cause by heat)","141","Health"
"143","catarrh","143","Health"
"144","itching catarrh","143","Health"
"145","cough (n)",NULL,"Health"
"146","boil (abscess)","146","Health"
"147","boil (small abscess)","146","Health"
"148","Flat swelling (filaria)","146","Health"
"149","swelling (with no pus)","146","Health"
"150","finger abscess (wicklow)","146","Health"
"151","sweat",NULL,"Health"
"152","snore",NULL,"Health"
"153","belch",NULL,"Health"
"154","pimple",NULL,"Health"
"155","wicklow",NULL,"Health"
"156","swell (n)",NULL,"Health"
"157","hienia (swellings around groin)",NULL,"Health"
"158","mumps",NULL,"Health"
"159","wound",NULL,"Health"
"160","fungi pimple",NULL,"Health"
"161","pus",NULL,"Health"
"162","scar",NULL,"Health"
"163","ringworm",NULL,"Health"
"164","eczema",NULL,"Health"
"165","leprosy",NULL,"Health"
"166","sickness",NULL,"Health"
"167","death",NULL,"Health"
"168","skin rashes (baby)","168","Health"
"169","spleen (side belly pain)",NULL,"Health"
"170","breath, air",NULL,"Health"
"171","hunger",NULL,"Health"
"172","abstinence",NULL,"Health"
"173","side pain (rapid heart beat under the left breast)",NULL,"Health"
"174","sneeze",NULL,"Health"
"175","rib side",NULL,"Health"
"176","vomit matter",NULL,"Health"
"177","medicine",NULL,"Health"
"178","tree","178","Diet Plants Products"
"179","k.o tree (boundary tree)",NULL,"Diet Plants Products"
"180","k.o tree (boma) (fruit, children spin)",NULL,"Diet Plants Products"
"181","k.o tree (camwood tree)",NULL,"Diet Plants Products"
"182","k.o tree (spoon-fruit)",NULL,"Diet Plants Products"
"183","k.o tree",NULL,"Diet Plants Products"
"184","cloth-tree",NULL,"Diet Plants Products"
"185","k.o tree (leaf)",NULL,"Diet Plants Products"
"186","k.o tree (brown edible leaves)",NULL,"Diet Plants Products"
"187","k.o tree (caterpillars for crabs)",NULL,"Diet Plants Products"
"188","ʻNkohʼ tree",NULL,"Diet Plants Products"
"189","ʻNkohʼ leaf",NULL,"Diet Plants Products"
"190","bitter leaf",NULL,"Diet Plants Products"
"191","foam",NULL,"Diet Plants Products"
"192","sand-paper tree",NULL,"Diet Plants Products"
"193","stick",NULL,"Diet Plants Products"
"194","firewood",NULL,"Diet Plants Products"
"195","hand (plantain)",NULL,"Diet Plants Products"
"196","peace plant",NULL,"Diet Plants Products"
"197","food",NULL,"Diet Plants Products"
"198","branch (tree)",NULL,"Diet Plants Products"
"199","soup (vegetable)",NULL,"Diet Plants Products"
"200","soup (liquid)",NULL,"Diet Plants Products"
"201","date palm",NULL,"Diet Plants Products"
"202","grass",NULL,"Diet Plants Products"
"203","spear grass",NULL,"Diet Plants Products"
"204","leaf",NULL,"Diet Plants Products"
"205","stem",NULL,"Diet Plants Products"
"206","root",NULL,"Diet Plants Products"
"207","moss plant",NULL,"Diet Plants Products"
"208","tobacco",NULL,"Diet Plants Products"
"209","tobacco powder",NULL,"Diet Plants Products"
"210","tobacco leaf",NULL,"Diet Plants Products"
"211","camwood",NULL,"Diet Plants Products"
"212","wax (native-incense)",NULL,"Diet Plants Products"
"213","charcoal",NULL,"Diet Plants Products"
"214","ash (wood)",NULL,"Diet Plants Products"
"215","bark (of tree)",NULL,"Diet Plants Products"
"216","root (vein)",NULL,"Diet Plants Products"
"217","forest",NULL,"Diet Plants Products"
"218","thatch grass",NULL,"Diet Plants Products"
"219","hill grass",NULL,"Diet Plants Products"
"220","poison",NULL,"Diet Plants Products"
"221","fruit",NULL,"Fruits"
"222","orange",NULL,"Fruits"
"223","pear",NULL,"Fruits"
"224","pawpaw",NULL,"Fruits"
"225","pineapple",NULL,"Fruits"
"226","groundnut",NULL,"Fruits"
"227","cola",NULL,"Fruits"
"228","k.o fruit",NULL,"Fruits"
"229","pumpkin leaf",NULL,"Fruits"
"230","pumpkin fruit",NULL,"Fruits"
"231","amaranthus (green)",NULL,"Vegetables"
"232","garden egg",NULL,"Vegetables"
"233","elephant stalk",NULL,"Vegetables"
"234","mushroom","234","Vegetables"
"235","k.o mushroom (whitish)","234","Vegetables"
"236","k.o mushroom (yellowish)","234","Vegetables"
"237","k.o mushroom (small)","234","Vegetables"
"238","k.o mushroom (white, flat like fufu)","234","Vegetables"
"239","k.o mushroom (brown)","234","Vegetables"
"240","k.o mushroom (whitish on palm tree;edible)","234","Vegetables"
"241","k.o mushroom (thick yellow stem; edible)","234","Vegetables"
"242","k.o mushroom (smallish brown; edible) ","234","Vegetables"
"243","k.o mushroom (brown and soft on tree; edible)","234","Vegetables"
"244","slimy soup chaff",NULL,"Vegetables"
"245","huckleberry (njamanjama)",NULL,"Vegetables"
"246","soup",NULL,"Vegetables"
"247","slimy soup",NULL,"Vegetables"
"248","pepper",NULL,"Vegetables"
"249","native maggi spice",NULL,"Vegetables"
"250","calcium carbonate (kangwa)","250","Vegetables"
"251","calcium carbonate (liquid)","250","Vegetables"
"252","yellow soup","250","Vegetables"
"253","oil","253","Palms"
"254","palm oil","253","Palms"
"255","palm tree",NULL,"Palms"
"256","palm nut",NULL,"Palms"
"257","palm flower",NULL,"Palms"
"258","palm cone",NULL,"Palms"
"259","kernel (uncracked)",NULL,"Palms"
"260","kernel chaff",NULL,"Palms"
"261","palm cotton",NULL,"Palms"
"262","palm bamboo",NULL,"Palms"
"263","palm frond",NULL,"Palms"
"264","palm beetle",NULL,"Palms"
"265","palm maggot (grub)",NULL,"Palms"
"266","barren palm broom ",NULL,"Palms"
"267","palm barren fruit",NULL,"Palms"
"268","pestle (palm nut)",NULL,"Palms"
"269","kernel shell (bark)",NULL,"Palms"
"270","kernel oil",NULL,"Palms"
"271","palm cone (empty)",NULL,"Palms"
"272","datepalm",NULL,"Palms"
"273","young palm tree",NULL,"Palms"
"274","mbanga soup",NULL,"Palms"
"275","wine (palm, raffia)",NULL,"Palms"
"276","outer palm nuts",NULL,"Palms"
"277","fibre - palm (rope)",NULL,"Palms"
"278","empty palm cone",NULL,"Palms"
"279","inner palm nuts (cone)",NULL,"Palms"
"280","Cone (palmnut)",NULL,"Palms"
"281","Cone (nuts removed)",NULL,"Palms"
"282","Palm frond rope",NULL,"Palms"
"283","barren palm cone",NULL,"Palms"
"284","palmnuts(cracked)",NULL,"Palms"
"285","Palmnut (ripe, uncracked)",NULL,"Palms"
"286","palm thorns",NULL,"Palms"
"287","palm margot (yellow, destroys young palms)",NULL,"Palms"
"288","barren-palm-flower",NULL,"Palms"
"289","oil chaff",NULL,"Palms"
"290","kernel",NULL,"Palms"
"291","raffia",NULL,"Palms"
"292","raffia fruit",NULL,"Palms"
"293","raffia fibre",NULL,"Palms"
"294","raffia bamboo",NULL,"Palms"
"295","indian-bamboo",NULL,"Palms"
"296","beans",NULL,"Cereals"
"297","tree beans",NULL,"Cereals"
"298","Beans (from Kom)",NULL,"Cereals"
"299","groundnut pudding",NULL,"Cereals"
"300","garri",NULL,"Cereals"
"301","milk",NULL,"Cereals"
"302","egussi",NULL,"Cereals"
"303","egussi uncracked",NULL,"Cereals"
"304","egussi cracked",NULL,"Cereals"
"305","egussi pudding",NULL,"Cereals"
"306","rice",NULL,"Cereals"
"307","cowpea bean",NULL,"Cereals"
"308","cowpea leaf",NULL,"Cereals"
"309","seed",NULL,"Cereals"
"310","seedling (planting seeds)",NULL,"Cereals"
"311","pap",NULL,"Cereals"
"312","corn",NULL,"Cereals"
"313","corn fufu",NULL,"Cereals"
"314","corn flour",NULL,"Cereals"
"315","coarse flour (kende)",NULL,"Cereals"
"316","corn beer",NULL,"Cereals"
"317","plantain","317","Suckers and Tubers"
"318","plantain ( a )","317","Suckers and Tubers"
"319","plantain ( b )","317","Suckers and Tubers"
"320","plantain ( c )","317","Suckers and Tubers"
"321","plantain ( d )","317","Suckers and Tubers"
"322","hand (plantain) ","317","Suckers and Tubers"
"323","banana","323","Suckers and Tubers"
"324","banana (native)","323","Suckers and Tubers"
"325","cassava",NULL,"Suckers and Tubers"
"326","potato",NULL,"Suckers and Tubers"
"327","sugar cane",NULL,"Suckers and Tubers"
"328","yam",NULL,"Suckers and Tubers"
"329","cocoyam","329","Suckers and Tubers"
"330","k.o cocoyam","329","Suckers and Tubers"
"331","k.o cocoyam (a)","329","Suckers and Tubers"
"332","k.o cocoyam (b)","329","Suckers and Tubers"
"333","k.o cocoyam (c)","329","Suckers and Tubers"
"334","cocoyam (slimy strands)","329","Suckers and Tubers"
"335","Cocoyam (igbo)","329","Suckers and Tubers"
"336","cocoyam (makabo)","329","Suckers and Tubers"
"337","cocoyam (egg yolk) ","329","Suckers and Tubers"
"338","cocoyam (native)","329","Suckers and Tubers"
"339","cocoyam (native, red)","329","Suckers and Tubers"
"340","cocoyam leaf (soup)",NULL,"Suckers and Tubers"
"341","aerial yam",NULL,"Suckers and Tubers"
"342","rhizome fruit (hill lilly)",NULL,"Suckers and Tubers"
"343","rhizome fruit (valley lilly)",NULL,"Suckers and Tubers"
"344","drum","344","Music"
"345","talking drum","344","Music"
"346","guitar",NULL,"Music"
"347","song",NULL,"Music"
"348","dance",NULL,"Music"
"349","k.o. dance",NULL,"Music"
"350","female youth dance",NULL,"Music"
"351","male youth dance",NULL,"Music"
"352","sacred dance",NULL,"Music"
"353","elders dance",NULL,"Music"
"354","Fang annual dance",NULL,"Music"
"355","k.o female dance, female rite society",NULL,"Music"
"356","flute dance",NULL,"Music"
"357","flute",NULL,"Music"
"358","horn trumpet (cow)",NULL,"Music"
"359","ankle rattle (women)",NULL,"Music"
"360","xylophone",NULL,"Music"
"361","gong",NULL,"Music"
"362","ankle rattle (men)",NULL,"Music"
"363","piano (bamboo)",NULL,"Music"
"364","piano (string)",NULL,"Music"
"365","musical pipe",NULL,"Music"
"366","drum (bothside)",NULL,"Music"
"367","small drum",NULL,"Music"
"368","long drum",NULL,"Music"
"369","short drum",NULL,"Music"
"370","flute (horizontal)",NULL,"Music"
"371","flute (vertical)",NULL,"Music"
"372","horn trumpet",NULL,"Music"
"373","k.o song",NULL,"Music"
"374","box rattle (zinc)",NULL,"Music"
"375","hand rattle (cane)",NULL,"Music"
"376","cutlass",NULL,"Metallic Tools"
"377","knife",NULL,"Metallic Tools"
"378","axe",NULL,"Metallic Tools"
"379","hoe",NULL,"Metallic Tools"
"380","iron",NULL,"Metallic Tools"
"381","zinc",NULL,"Metallic Tools"
"382","ring",NULL,"Metallic Tools"
"383","pot",NULL,"Metallic Tools"
"384","razor blade",NULL,"Metallic Tools"
"385","dish",NULL,"Metallic Tools"
"386","soup dish",NULL,"Metallic Tools"
"387","slimy soup dish",NULL,"Metallic Tools"
"388","fufu dish",NULL,"Metallic Tools"
"389","knitting pin",NULL,"Metallic Tools"
"390","nail",NULL,"Metallic Tools"
"391","spear",NULL,"Metallic Tools"
"392","tapping knife",NULL,"Metallic Tools"
"393","shaving knife",NULL,"Metallic Tools"
"394","iron trap",NULL,"Metallic Tools"
"395","bell",NULL,"Metallic Tools"
"396","clock",NULL,"Metallic Tools"
"397","watch",NULL,"Metallic Tools"
"398","tapping hoe",NULL,"Metallic Tools"
"399","cooking spoon",NULL,"Metallic Tools"
"400","tapping pipe",NULL,"Metallic Tools"
"401","trap (partridge)",NULL,"Metallic Tools"
"402","cutlass (big)",NULL,"Metallic Tools"
"403","money",NULL,"Metallic Tools"
"404","k.o trap (for partridge)",NULL,"Metallic Tools"
"405","trap (2)",NULL,"Metallic Tools"
"406","k.o spear (large head)",NULL,"Metallic Tools"
"407","k.o spear (sharp head)",NULL,"Metallic Tools"
"408","k.o spear (fins)",NULL,"Metallic Tools"
"409","dish (aluminium)",NULL,"Metallic Tools"
"410","ring (hand, ear)",NULL,"Metallic Tools"
"411","needle",NULL,"Metallic Tools"
"412","dish (pan)",NULL,"Metallic Tools"
"413","bicycle",NULL,"Metallic Tools"
"414","cutlass (small)",NULL,"Metallic Tools"
"415","k.o trap",NULL,"Metallic Tools"
"416","tyre (car)",NULL,"Metallic Tools"
"417","bamboo rattle",NULL,"Wooden Tools"
"418","bridge",NULL,"Wooden Tools"
"419","thongs",NULL,"Wooden Tools"
"420","fire side stone support",NULL,"Wooden Tools"
"421","doorway (space)",NULL,"Wooden Tools"
"422","tapping-pipe",NULL,"Wooden Tools"
"423","pen",NULL,"Wooden Tools"
"424","book",NULL,"Wooden Tools"
"425","funnel",NULL,"Wooden Tools"
"426","umbrella",NULL,"Wooden Tools"
"427","native umbrella",NULL,"Wooden Tools"
"428","pillar",NULL,"Wooden Tools"
"429","cup",NULL,"Wooden Tools"
"430","broom",NULL,"Wooden Tools"
"431","calabash",NULL,"Wooden Tools"
"432","pipe",NULL,"Wooden Tools"
"433","fire",NULL,"Wooden Tools"
"434","gun",NULL,"Wooden Tools"
"435","fire, gun",NULL,"Wooden Tools"
"436","pestle (cocoyam)",NULL,"Wooden Tools"
"437","pestle (fufu)",NULL,"Wooden Tools"
"438","trough (cocoyam, cow)",NULL,"Wooden Tools"
"439","canoe",NULL,"Wooden Tools"
"440","roof",NULL,"Wooden Tools"
"441","mortar",NULL,"Wooden Tools"
"442","comb",NULL,"Wooden Tools"
"443","trap",NULL,"Wooden Tools"
"444","k.o trap (a dug hole)",NULL,"Wooden Tools"
"445","trap (rope-bone)",NULL,"Wooden Tools"
"446","trap (inclined stone)",NULL,"Wooden Tools"
"447","k.o trap (neck trap)",NULL,"Wooden Tools"
"448","chair (plank)",NULL,"Wooden Tools"
"449","wooden dish",NULL,"Wooden Tools"
"450","spoon",NULL,"Wooden Tools"
"451","wooden spoon",NULL,"Wooden Tools"
"452","spoon (calabash)",NULL,"Wooden Tools"
"453","pap spoon",NULL,"Wooden Tools"
"454","spoon (vegetables)",NULL,"Wooden Tools"
"455","bamboo-piano",NULL,"Wooden Tools"
"456","wooden dish (leg)",NULL,"Wooden Tools"
"457","calabash (wine share)",NULL,"Wooden Tools"
"458","calabash (no hole)",NULL,"Wooden Tools"
"459","calabash (ball)",NULL,"Wooden Tools"
"460","calabash (long neck)",NULL,"Wooden Tools"
"461","calabash (peace plant)",NULL,"Wooden Tools"
"462","calabash (wine)",NULL,"Wooden Tools"
"463","salt calabash",NULL,"Wooden Tools"
"464","child calabash",NULL,"Wooden Tools"
"465","twin calabash",NULL,"Wooden Tools"
"466","calabash (half ball)",NULL,"Wooden Tools"
"467","calabash (wine container)",NULL,"Wooden Tools"
"468","calabash (for twins)",NULL,"Wooden Tools"
"469","calabash (ballshape)",NULL,"Wooden Tools"
"470","saucer (calabash)",NULL,"Wooden Tools"
"471","Calabash-rattle",NULL,"Wooden Tools"
"472","long neck calabash",NULL,"Wooden Tools"
"473","k.o calabash",NULL,"Wooden Tools"
"474","k.o calabash (ball like)",NULL,"Wooden Tools"
"475","calabash (not yet perforated)",NULL,"Wooden Tools"
"476","calabash (long-neck), child, twin calabash",NULL,"Wooden Tools"
"477","calabash (for twin)",NULL,"Wooden Tools"
"478","fence (sealed, - palace)",NULL,"Wooden Tools"
"479","fence (open, farm)",NULL,"Wooden Tools"
"480","chair (carved)",NULL,"Wooden Tools"
"481","box (container)",NULL,"Wooden Tools"
"482","Wooden-dish (yellow soup, feast)",NULL,"Wooden Tools"
"483","Canoe, trough",NULL,"Wooden Tools"
"484","Wooden-dish (leg+lid)",NULL,"Wooden Tools"
"485","wooden-dish (yellow soup, feast bitter-leaf)",NULL,"Wooden Tools"
"486","native cup",NULL,"Wooden Tools"
"487","walking-staff",NULL,"Wooden Tools"
"488","carved chair (used by chief)",NULL,"Wooden Tools"
"489","trumpet",NULL,"Wooden Tools"
"490","pestle (for fufu)",NULL,"Wooden Tools"
"491","handle(knife), arm",NULL,"Wooden Tools"
"492","stirring spoon (vegetables)",NULL,"Wooden Tools"
"493","pestle",NULL,"Wooden Tools"
"494","tobacco pipe",NULL,"Wooden Tools"
"495","rope (palm climbing)",NULL,"Wooden Tools"
"496","fax-stick",NULL,"Wooden Tools"
"497","cane",NULL,"Wooden Tools"
"498","meat slate",NULL,"Wooden Tools"
"499","faxed pillar",NULL,"Wooden Tools"
"500","stick1",NULL,"Wooden Tools"
"501","stick2",NULL,"Wooden Tools"
"502","Soup pestle(vegetable)",NULL,"Wooden Tools"
"503","vegetable spoon",NULL,"Wooden Tools"
"504","amulets (for compound)",NULL,"Wooden Tools"
"505","amulets (inclined roof)",NULL,"Wooden Tools"
"506","amulets (for compound)a",NULL,"Wooden Tools"
"507","amulets (for compound)b",NULL,"Wooden Tools"
"508","amulets (for compound)c",NULL,"Wooden Tools"
"509","hand-piano",NULL,"Wooden Tools"
"510","handle ",NULL,"Wooden Tools"
"511","wooden-dish (yellow soup; feast bitter-leaf)",NULL,"Wooden Tools"
"512","Wooden-dish (yellow soup; feast)",NULL,"Wooden Tools"
"513","coffin ",NULL,"Wooden Tools"
"514","woven dish",NULL,"Woven Tools"
"515","small woven dish",NULL,"Woven Tools"
"516","big woven dish",NULL,"Woven Tools"
"517","bag",NULL,"Woven Tools"
"518","cup sieve",NULL,"Woven Tools"
"519","basket",NULL,"Woven Tools"
"520","basket (visit)",NULL,"Woven Tools"
"521","headpad",NULL,"Woven Tools"
"522","woven dish (tray)",NULL,"Woven Tools"
"523","oil chaff sieve",NULL,"Woven Tools"
"524","pestle (pepper)",NULL,"Woven Tools"
"525","sieve",NULL,"Woven Tools"
"526","twine",NULL,"Woven Tools"
"527","Basket (male)",NULL,"Woven Tools"
"528","big basket (carriage)",NULL,"Woven Tools"
"529","basket (very big, feast)",NULL,"Woven Tools"
"530","planting basket (waist)",NULL,"Woven Tools"
"531","groundnut basket",NULL,"Woven Tools"
"532","basket (visit, feast)",NULL,"Woven Tools"
"533","Basket (small)",NULL,"Woven Tools"
"534","k.o rope",NULL,"Woven Tools"
"535","rope",NULL,"Woven Tools"
"536","rope (goat)",NULL,"Woven Tools"
"537","planting basket",NULL,"Woven Tools"
"538","mat (soft plant  tissue)",NULL,"Woven Tools"
"539","mat (bamboo splint)",NULL,"Woven Tools"
"540","net",NULL,"Woven Tools"
"541","rope (k.o)",NULL,"Woven Tools"
"542","twine (weaved-rope)(lap)",NULL,"Woven Tools"
"543","twine weaved (hand)",NULL,"Woven Tools"
"544","woven-dish (flat for sieving corn flour)",NULL,"Woven Tools"
"545","woven-dish (for corn-fufu)",NULL,"Woven Tools"
"546","mat (rhizom plant)",NULL,"Woven Tools"
"547","woven dish (with a lid)",NULL,"Woven Tools"
"548","woven-tray",NULL,"Woven Tools"
"549","meat-gauze",NULL,"Woven Tools"
"550","gauze",NULL,"Woven Tools"
"551","gauze (drying meat)",NULL,"Woven Tools"
"552","meat mat",NULL,"Woven Tools"
"553","k.o trap (rope)",NULL,"Woven Tools"
"554","twine (woven fibre) ",NULL,"Woven Tools"
"555","weaved rope",NULL,"Woven Tools"
"556","twine (weaved rope) ",NULL,"Woven Tools"
"557","handle(knife); arm",NULL,"Woven Tools"
"558","umbrella  (non-native)  ",NULL,"Woven Tools"
"559","woven bowl",NULL,"Woven Tools"
"560","basket (feast)",NULL,"Woven Tools"
"561","tray",NULL,"Woven Tools"
"562","injunction order",NULL,"Bamboo Tools"
"563","upper wall shelf",NULL,"Bamboo Tools"
"564","door lid (cover)",NULL,"Bamboo Tools"
"565","wall shelf",NULL,"Bamboo Tools"
"566","hanged ceiling",NULL,"Bamboo Tools"
"567","chair (bamboo)",NULL,"Bamboo Tools"
"568","ladder",NULL,"Bamboo Tools"
"569","ceiling",NULL,"Bamboo Tools"
"570","box",NULL,"Bamboo Tools"
"571","coffin",NULL,"Bamboo Tools"
"572","handle",NULL,"Bamboo Tools"
"573","bed",NULL,"Bamboo Tools"
"574","chair",NULL,"Bamboo Tools"
"575","fence",NULL,"Bamboo Tools"
"576","fence; restrict",NULL,"Bamboo Tools"
"577","fence (open; farm)",NULL,"Bamboo Tools"
"578","fence (sealed; - palace) ",NULL,"Bamboo Tools"
"579","tapping pipe (raffia/palm wine)",NULL,"Bamboo Tools"
"580","tapping -pipe",NULL,"Bamboo Tools"
"581","pipe (wine tapping)",NULL,"Bamboo Tools"
"582","umbrella (non-native)",NULL,"Bamboo Tools"
"583","sheath",NULL,"Bamboo Tools"
"584","indian bamboo",NULL,"Bamboo Tools"
"585","upper-wall-shelf (inside the house)",NULL,"Bamboo Tools"
"586","waist beads",NULL,"Attire"
"587","cap",NULL,"Attire"
"588","staff (walk support)",NULL,"Attire"
"589","tunic",NULL,"Attire"
"590","robe",NULL,"Attire"
"591","shoe",NULL,"Attire"
"592","k.o cap",NULL,"Attire"
"593","bangle",NULL,"Attire"
"594","k.o rope (bangle)",NULL,"Attire"
"595","cloth",NULL,"Attire"
"596","belt",NULL,"Attire"
"597","women cloth (leaves)",NULL,"Attire"
"598","neck beads",NULL,"Attire"
"599","little hand bag",NULL,"Attire"
"600","k.o bag (hanged)",NULL,"Attire"
"601","Cap (native black)",NULL,"Attire"
"602","neck-bead",NULL,"Attire"
"603","native pant (women)",NULL,"Attire"
"604","native pant (men)",NULL,"Attire"
"605","waist-bead",NULL,"Attire"
"606","tatoo",NULL,"Attire"
"607","patches, dotted",NULL,"Attire"
"608","staff (stick walk support)",NULL,"Attire"
"609","small hand bag for male (dance)",NULL,"Attire"
"610","small hand bag for female (dance)",NULL,"Attire"
"611","necklace (women)",NULL,"Attire"
"612","clay pot (fufu)",NULL,"Soil Tools"
"613","fireside",NULL,"Soil Tools"
"614","fireside stone",NULL,"Soil Tools"
"615","fireside stone support",NULL,"Soil Tools"
"616","lower grinding stone",NULL,"Soil Tools"
"617","pepper stone",NULL,"Soil Tools"
"618","soap",NULL,"Soil Tools"
"619","letter",NULL,"Soil Tools"
"620","bottle",NULL,"Soil Tools"
"621","clay-pot (legs)",NULL,"Soil Tools"
"622","clay-pot (big)",NULL,"Soil Tools"
"623","stone trap",NULL,"Soil Tools"
"624","Clay pot (soup, amulet)",NULL,"Soil Tools"
"625","Clay pot (palace-wine)",NULL,"Soil Tools"
"626","Clay pot (father soup)",NULL,"Soil Tools"
"627","Clay pot (palace-wine; 60l)",NULL,"Soil Tools"
"628","clay pot (soup) ",NULL,"Soil Tools"
"629","small grinding stone",NULL,"Soil Tools"
"630","grinding stone",NULL,"Soil Tools"
"631","clay pot",NULL,"Soil Tools"
"632","lower-pepper-stone",NULL,"Soil Tools"
"633","upper-pepper-stone",NULL,"Soil Tools"
"634","dish/pot (clay)",NULL,"Soil Tools"
"635","clay pot (cooking fufu)",NULL,"Soil Tools"
"636","pot-sizing stone",NULL,"Soil Tools"
"637","fireside stone (pot support stones)",NULL,"Soil Tools"
"638","flat-long-stones",NULL,"Soil Tools"
"639","clay pot (for cooking fufu)",NULL,"Soil Tools"
"640","slimy soup dish (clay pot)",NULL,"Soil Tools"
"641","clay pot (country pot)",NULL,"Soil Tools"
"642","lower-grinding-stone(pepper)",NULL,"Soil Tools"
"643","upper-grinding-stone(pepper)",NULL,"Soil Tools"
"644","upper grinding stone",NULL,"Soil Tools"
"645","flat-long-stones (redulates the size of fireside)",NULL,"Soil Tools"
"646","clay-pot (with legs; soup for elders)",NULL,"Soil Tools"
"647","soup-pot (clay-made)",NULL,"Soil Tools"
"648","juju house",NULL,"Habitat"
"649","house",NULL,"Habitat"
"650","wall (house)",NULL,"Habitat"
"651","farm house (corn storage)",NULL,"Habitat"
"652","door (space)",NULL,"Habitat"
"653","door (lid)",NULL,"Habitat"
"654","door (lid/space)",NULL,"Habitat"
"655","door (frame)",NULL,"Habitat"
"656","hut",NULL,"Habitat"
"657","grass-house",NULL,"Habitat"
"658","zinc-house",NULL,"Habitat"
"659","attached-house (3 walls)",NULL,"Habitat"
"660","pillar (in-house support ceiling)",NULL,"Habitat"
"661","door",NULL,"Habitat"
"662","palm broom",NULL,"Habitat"
"663","roof (ceiling)",NULL,"Habitat"
"664","hut (k. o (a))",NULL,"Habitat"
"665","hut (k. o (b))",NULL,"Habitat"
"666","front-door",NULL,"Habitat"
"667","cow, cattle",NULL,"Animals and Products"
"668","goat",NULL,"Animals and Products"
"669","he-goat",NULL,"Animals and Products"
"670","pig",NULL,"Animals and Products"
"671","cane rat",NULL,"Animals and Products"
"672","sheep",NULL,"Animals and Products"
"673","cat",NULL,"Animals and Products"
"674","animal",NULL,"Animals and Products"
"675","meat",NULL,"Animals and Products"
"676","monkey",NULL,"Animals and Products"
"677","elephant",NULL,"Animals and Products"
"678","bat","678","Animals and Products"
"679","k.o bat","678","Animals and Products"
"680","bat (smallest)","678","Animals and Products"
"681","bat (largest)","678","Animals and Products"
"682","bat (small, enter's house)","678","Animals and Products"
"683","buffalo (bush cow)",NULL,"Animals and Products"
"684","dog",NULL,"Animals and Products"
"685","ram",NULL,"Animals and Products"
"686","baboon",NULL,"Animals and Products"
"687","horse",NULL,"Animals and Products"
"688","chimpanzee",NULL,"Animals and Products"
"689","tiger",NULL,"Animals and Products"
"690","group (cow)",NULL,"Animals and Products"
"691","lion",NULL,"Animals and Products"
"692","leopard",NULL,"Animals and Products"
"693","flutabo (k.o hare)",NULL,"Animals and Products"
"694","fish",NULL,"Fish"
"695","k.o fish (white)",NULL,"Fish"
"696","k.o fish",NULL,"Fish"
"697","fish (nose rashes)",NULL,"Fish"
"698","mbanga soup fish",NULL,"Fish"
"699","tadpole",NULL,"Fish"
"700","tad-pole (frog/fish)",NULL,"Fish"
"701","electric fish",NULL,"Fish"
"702","mudfish",NULL,"Fish"
"703","crab",NULL,"Fish"
"704","crab (cast lots)",NULL,"Fish"
"705","rat",NULL,"Rodents"
"706","k.o rat",NULL,"Rodents"
"707","rat (bush)",NULL,"Rodents"
"708","rat (smallest)",NULL,"Rodents"
"709","rat (yellow abdomen)",NULL,"Rodents"
"710","rat (size next to rat mole)",NULL,"Rodents"
"711","stripped rat",NULL,"Rodents"
"712","rat mole",NULL,"Rodents"
"713","long mouth rat",NULL,"Rodents"
"714","snake",NULL,"Reptiles"
"715","green snake",NULL,"Reptiles"
"716","k.o snake (mboma)",NULL,"Reptiles"
"717","two head snake (human)",NULL,"Reptiles"
"718","snake (dotted mboma)",NULL,"Reptiles"
"719","snake (white, smallest)",NULL,"Reptiles"
"720","viper",NULL,"Reptiles"
"721","k. o snake",NULL,"Reptiles"
"722","snake (black)",NULL,"Reptiles"
"723","cobra",NULL,"Reptiles"
"724","male lizard (red head)",NULL,"Reptiles"
"725","female lizard (brown)",NULL,"Reptiles"
"726","earthworm",NULL,"Reptiles"
"727","ascaris (stomach worm)",NULL,"Reptiles"
"728","lizard",NULL,"Reptiles"
"729","lizard (smooth skin)",NULL,"Reptiles"
"730","Lizard (smallest)",NULL,"Reptiles"
"731","chameleon",NULL,"Reptiles"
"732","gecko",NULL,"Reptiles"
"733","toad (rough back)",NULL,"Amphibians"
"734","frog (smooth back)",NULL,"Amphibians"
"735","frog (variegated)",NULL,"Amphibians"
"736","frog (edible)",NULL,"Amphibians"
"737","December-frogs (many in water makes a lot of noise)",NULL,"Amphibians"
"738","snail",NULL,"Amphibians"
"739","shell (snail)",NULL,"Amphibians"
"740","bird",NULL,"Birds"
"741","owl",NULL,"Birds"
"742","screech owl",NULL,"Birds"
"743","swallow bird",NULL,"Birds"
"744","hawk",NULL,"Birds"
"745","weaver bird",NULL,"Birds"
"746","wood pecker",NULL,"Birds"
"747","fowl",NULL,"Birds"
"748","clock bird",NULL,"Birds"
"749","duck",NULL,"Birds"
"750","water duck",NULL,"Birds"
"751","egg",NULL,"Birds"
"752","feather",NULL,"Birds"
"753","white neck hawk",NULL,"Birds"
"754","kingfisher",NULL,"Birds"
"755","Senegalese kucal (time bird)",NULL,"Birds"
"756","kite",NULL,"Birds"
"757","partridge (red legs)",NULL,"Birds"
"758","partridge (non red legs)",NULL,"Birds"
"759","cock",NULL,"Birds"
"760","young cock",NULL,"Birds"
"761","young hen",NULL,"Birds"
"762","song bird (early morning",NULL,"Birds"
"763","song bird (after rain)",NULL,"Birds"
"764","red feather bird (feather on caps)",NULL,"Birds"
"765","big hawk (catches monkeys)",NULL,"Birds"
"766","butterfly",NULL,"Insects"
"767","maggot",NULL,"Insects"
"768","house fly",NULL,"Insects"
"769","fruit fly",NULL,"Insects"
"770","k.o fly (smart, bite, sucks)",NULL,"Insects"
"771","k.o fly (sucks, compound)",NULL,"Insects"
"772","fly (larger than normal fly)",NULL,"Insects"
"773","k.o fly (slow, painful bite)",NULL,"Insects"
"774","ant",NULL,"Insects"
"775","soldier ant",NULL,"Insects"
"776","ant (black, builds a mount on a tree)",NULL,"Insects"
"777","k.o ant",NULL,"Insects"
"778","wine red ant",NULL,"Insects"
"779","k. o ant (yellow)",NULL,"Insects"
"780","ants (black, open thongs)",NULL,"Insects"
"781","carpenter bee",NULL,"Insects"
"782","lice",NULL,"Insects"
"783","grasshopper",NULL,"Insects"
"784","grasshopper (mongwin)",NULL,"Insects"
"785","grasshopper (fattest)",NULL,"Insects"
"786","small noise making grasshopper",NULL,"Insects"
"787","cricket",NULL,"Insects"
"788","k. o cricket",NULL,"Insects"
"789","cockroach (house)","789","Insects"
"790","cockroach (toilet)","789","Insects"
"791","spider",NULL,"Insects"
"792","scorpion",NULL,"Insects"
"793","tarantula",NULL,"Insects"
"794","locust",NULL,"Insects"
"795","wasp (house, black)",NULL,"Insects"
"796","wasp (bush)",NULL,"Insects"
"797","wasp (brown)",NULL,"Insects"
"798","praying mantis",NULL,"Insects"
"799","centipede",NULL,"Insects"
"800","dragonfly",NULL,"Insects"
"801","k.o dragonfly",NULL,"Insects"
"802","mosquito",NULL,"Insects"
"803","honey juice",NULL,"Insects"
"804","honey bee",NULL,"Insects"
"805","k.o bee",NULL,"Insects"
"806","jigger",NULL,"Insects"
"807","termite",NULL,"Insects"
"808","wingless termite",NULL,"Insects"
"809","big termite mount",NULL,"Insects"
"810","termite mount",NULL,"Insects"
"811","cobweb",NULL,"Insects"
"812","millipede",NULL,"Insects"
"813","soil beetle (edible)",NULL,"Insects"
"814","palm grub",NULL,"Insects"
"815","bedbug",NULL,"Insects"
"816","beetle",NULL,"Insects"
"817","palm beetle (from dead palm)",NULL,"Insects"
"818","caterpillar",NULL,"Insects"
"819","caterpillar (for crabs)",NULL,"Insects"
"820","caterpillar (edible)",NULL,"Insects"
"821","caterpillar (variegated)",NULL,"Insects"
"822","caterpillar (red, yellow lines)",NULL,"Insects"
"823","k.o caterpillar",NULL,"Insects"
"824","caterpillar (black, stings)",NULL,"Insects"
"825","caterpillar (cylinder sticks)",NULL,"Insects"
"826","caterpillar (stings)",NULL,"Insects"
"827","k.o fly (slow; painful bite)",NULL,"Insects"
"828","k.o fly (smart; bite; sucks)",NULL,"Insects"
"829","k.o fly (sucks; compound)",NULL,"Insects"
"830","world",NULL,"Lands"
"831","earth",NULL,"Lands"
"832","heaven",NULL,"Lands"
"833","sky",NULL,"Lands"
"834","sky, heaven",NULL,"Lands"
"835","mud",NULL,"Lands"
"836","swamp",NULL,"Lands"
"837","brick",NULL,"Lands"
"838","river",NULL,"Lands"
"839","stream",NULL,"Lands"
"840","spring",NULL,"Lands"
"841","farm",NULL,"Lands"
"842","bush (farm)",NULL,"Lands"
"843","bush (owner)",NULL,"Lands"
"844","bush (inside)",NULL,"Lands"
"845","village",NULL,"Lands"
"846","quarter",NULL,"Lands"
"847","country",NULL,"Lands"
"848","compound",NULL,"Lands"
"849","toilet",NULL,"Lands"
"850","hill",NULL,"Lands"
"851","hole",NULL,"Lands"
"852","rock",NULL,"Lands"
"853","stone",NULL,"Lands"
"854","salt",NULL,"Lands"
"855","lake",NULL,"Lands"
"856","mountain",NULL,"Lands"
"857","dust",NULL,"Lands"
"858","hailstone",NULL,"Lands"
"859","valley",NULL,"Lands"
"860","cliff",NULL,"Lands"
"861","smoke",NULL,"Lands"
"862","soot",NULL,"Lands"
"863","ground (soil)",NULL,"Lands"
"864","brick ( building house)",NULL,"Lands"
"865","clay",NULL,"Lands"
"866","land",NULL,"Lands"
"867","sun",NULL,"Lands"
"868","moon",NULL,"Lands"
"869","star",NULL,"Lands"
"870","mist, fog",NULL,"Lands"
"871","wind",NULL,"Lands"
"872","air",NULL,"Lands"
"873","storm (wind)",NULL,"Lands"
"874","rain",NULL,"Lands"
"875","rainy season",NULL,"Lands"
"876","dry season",NULL,"Lands"
"877","sand",NULL,"Lands"
"878","grave",NULL,"Lands"
"879","branch (of the road)",NULL,"Lands"
"880","road junction",NULL,"Lands"
"881","dirts",NULL,"Lands"
"882","place",NULL,"Lands"
"883","light",NULL,"Lands"
"884","warm",NULL,"Lands"
"885","cold",NULL,"Lands"
"886","hot",NULL,"Lands"
"887","cold (air)",NULL,"Lands"
"888","cold (solid)",NULL,"Lands"
"889","hot, heat (air)",NULL,"Lands"
"890","hot, heat (solid)",NULL,"Lands"
"891","cloud",NULL,"Lands"
"892","ridge (farm)",NULL,"Lands"
"893","market",NULL,"Lands"
"894","road",NULL,"Lands"
"895","eath",NULL,"Lands"
"896","garbage pit",NULL,"Lands"
"897","grave yard",NULL,"Lands"
"898","palace",NULL,"Lands"
"899","Furrow (between ridges)",NULL,"Lands"
"900","hail",NULL,"Lands"
"901","yard",NULL,"Lands"
"902","abyss",NULL,"Lands"
"903","day",NULL,"Lands"
"904","graveyard",NULL,"Lands"
"905","faeces",NULL,"Lands"
"906","faeces (little)",NULL,"Lands"
"907","rainbow",NULL,"Lands"
"908","oil mill",NULL,"Lands"
"909","wax (incense)",NULL,"Lands"
"910","war",NULL,"Abstract"
"911","knowledge",NULL,"Abstract"
"912","day ",NULL,"Abstract"
"913","date",NULL,"Abstract"
"914","measurement",NULL,"Abstract"
"915","month",NULL,"Abstract"
"916","year",NULL,"Abstract"
"917","week",NULL,"Abstract"
"918","laughter",NULL,"Abstract"
"919","hour",NULL,"Abstract"
"920","wickedness","920","Abstract"
"921","stinginess, selfishness","921","Abstract"
"922","jealousy","922","Abstract"
"923","laziness","923","Abstract"
"924","thing",NULL,"Abstract"
"925","name",NULL,"Abstract"
"926","gossip (n)",NULL,"Abstract"
"927","thank (n)",NULL,"Abstract"
"928","lie (n), false (n) ",NULL,"Abstract"
"929","story",NULL,"Abstract"
"930","hunger (n)",NULL,"Abstract"
"931","trouble (n)",NULL,"Abstract"
"932","suffer (n)",NULL,"Abstract"
"933","bundle (n)",NULL,"Abstract"
"934","oath (n)",NULL,"Abstract"
"935","swear (n)",NULL,"Abstract"
"936","law (n)",NULL,"Abstract"
"937","fear (n)",NULL,"Abstract"
"938","all",NULL,"Abstract"
"939","equal",NULL,"Abstract"
"940","few",NULL,"Abstract"
"941","many",NULL,"Abstract"
"942","price (n)",NULL,"Abstract"
"943","laugh (n)",NULL,"Abstract"
"944","cry (n)",NULL,"Abstract"
"945","hunt (n)",NULL,"Abstract"
"946","beg (n)",NULL,"Abstract"
"947","quarrel (n)",NULL,"Abstract"
"948","fight (n)",NULL,"Abstract"
"949","line (n)",NULL,"Abstract"
"950","odour (n)",NULL,"Abstract"
"951","case (court) (n)",NULL,"Abstract"
"952","stinginess (n)",NULL,"Abstract"
"953","wicked heart (n)",NULL,"Abstract"
"954","hatred (n)",NULL,"Abstract"
"955","power (n)",NULL,"Abstract"
"956","laugh (v)",NULL,"Acts"
"957","cry (v)",NULL,"Acts"
"958","beg (v)",NULL,"Acts"
"959","quarrel (v)",NULL,"Acts"
"960","fight (v)",NULL,"Acts"
"961","clap (v)",NULL,"Acts"
"962","work (n)",NULL,"Acts"
"963","work (v)",NULL,"Acts"
"964","black",NULL,"Acts"
"965","half",NULL,"Acts"
"966","guide (v)",NULL,"Acts"
"967","red",NULL,"Acts"
"968","lie (deceive) (v)",NULL,"Acts"
"969","white",NULL,"Acts"
"970","weed (v)",NULL,"Acts"
"971","lock (v)",NULL,"Acts"
"972","lie",NULL,"Acts"
"973","spin (v)",NULL,"Acts"
"974","summon  (v)",NULL,"Acts"
"975","joint",NULL,"Acts"
"976","sleep",NULL,"Acts"
"977","think",NULL,"Acts"
"978","discussion",NULL,"Acts"
"979","join (v)",NULL,"Acts"
"980","response",NULL,"Acts"
"981","bə́ŋ",NULL,"Acts"
"982","come",NULL,"Acts"
"983","go",NULL,"Acts"
"984","build (house)",NULL,"Acts"
"985","bury (v)",NULL,"Acts"
"986","clean (broom)",NULL,"Acts"
"987","clear (grass)",NULL,"Acts"
"988","count (v)",NULL,"Acts"
"989","cut (thatch grass)",NULL,"Acts"
"990","die (v)",NULL,"Acts"
"991","do; make",NULL,"Acts"
"992","dress (wear)",NULL,"Acts"
"993","drink (v)",NULL,"Acts"
"994","entertain (feast) (v)",NULL,"Acts"
"995","excrete (faeces)  (v)",NULL,"Acts"
"996","fall (rain)",NULL,"Acts"
"997","feed (v)",NULL,"Acts"
"998","excort (v)",NULL,"Acts"
"999","get (have/own)",NULL,"Acts"
"1000","give; offer",NULL,"Acts"
"1001","grow",NULL,"Acts"
"1002","harvest (palm cone)",NULL,"Acts"
"1003","hatch",NULL,"Acts"
"1004","hit",NULL,"Acts"
"1005","hocking (fishing)",NULL,"Acts"
"1006","itch",NULL,"Acts"
"1007","lack",NULL,"Acts"
"1008","dash (offer)",NULL,"Acts"
"1009","pass",NULL,"Acts"
"1010","peel plantain; banana",NULL,"Acts"
"1011","plant (corn)",NULL,"Acts"
"1012"," get well (sick)",NULL,"Acts"
"1013","remain (not go)",NULL,"Acts"
"1014","ride (bicycle)",NULL,"Acts"
"1015","be good",NULL,"Acts"
"1016","run",NULL,"Acts"
"1017","scrape; clean off",NULL,"Acts"
"1018","dry up (tree)",NULL,"Acts"
"1019","breath ",NULL,"Acts"
"1020","shave (scissors)",NULL,"Acts"
"1021","stop",NULL,"Acts"
"1022","swallow (food)",NULL,"Acts"
"1023","thatch",NULL,"Acts"
"1024","throw away",NULL,"Acts"
"1025","tie (bag)",NULL,"Acts"
"1026","wet",NULL,"Acts"
"1027","ban (from people)",NULL,"Acts"
"1028","be bether than",NULL,"Acts"
"1029","be more than",NULL,"Acts"
"1030","be tired",NULL,"Acts"
"1031","clear farm",NULL,"Acts"
"1032","cook (fufu)",NULL,"Acts"
"1033","cut (butcher palm cone)",NULL,"Acts"
"1034","eat",NULL,"Acts"
"1035","chew",NULL,"Acts"
"1036","suck (bonbon, orange)",NULL,"Acts"
"1037","suck (breast)",NULL,"Acts"
"1038","breastfeed",NULL,"Acts"
"1039","suck (orange)",NULL,"Acts"
"1040","fall",NULL,"Acts"
"1041","finish; finish by itself",NULL,"Acts"
"1042","flaming (fire)",NULL,"Acts"
"1043","go (farm)",NULL,"Acts"
"1044","harvest (corn, pear)",NULL,"Acts"
"1045","enthrone chief",NULL,"Acts"
"1046","jump",NULL,"Acts"
"1047","close (door)",NULL,"Acts"
"1048","lock (key)",NULL,"Acts"
"1049","mulch (farm)",NULL,"Acts"
"1050","name child",NULL,"Acts"
"1051","peel (cocoyam with knife)",NULL,"Acts"
"1052","scatter seed planting",NULL,"Acts"
"1053","branch (off the road)",NULL,"Acts"
"1054","praise (God)",NULL,"Acts"
"1055","pray (to God)",NULL,"Acts"
"1056","read",NULL,"Acts"
"1057","rest",NULL,"Acts"
"1058","roasting (fowl)",NULL,"Acts"
"1059","scratch (skin)",NULL,"Acts"
"1060","stand up",NULL,"Acts"
"1061","sting",NULL,"Acts"
"1062","take",NULL,"Acts"
"1063","undress",NULL,"Acts"
"1064","uproot",NULL,"Acts"
"1065","soak (garri)",NULL,"Acts"
"1066","allow",NULL,"Acts"
"1067","arrange",NULL,"Acts"
"1068","be small",NULL,"Acts"
"1069","build (bridge)",NULL,"Acts"
"1070","tap (wine, palm, raffia)",NULL,"Acts"
"1071","carry (on back)",NULL,"Acts"
"1072","cook (corn beer)",NULL,"Acts"
"1073","curse",NULL,"Acts"
"1074","slice (cut)",NULL,"Acts"
"1075","descend",NULL,"Acts"
"1076","dip (into liquid)",NULL,"Acts"
"1077","dish out, share",NULL,"Acts"
"1078","to rinse (a pan)",NULL,"Acts"
"1079","hang (hanger)",NULL,"Acts"
"1080","hold, grip",NULL,"Acts"
"1081","leave (a place)",NULL,"Acts"
"1082","lick",NULL,"Acts"
"1083","light fire, switch on",NULL,"Acts"
"1084","open",NULL,"Acts"
"1085","flow (river)",NULL,"Acts"
"1086","smash",NULL,"Acts"
"1087","tear (torn)",NULL,"Acts"
"1088","be sweet",NULL,"Acts"
"1089","kill",NULL,"Acts"
"1090","crack, burst",NULL,"Acts"
"1091","steal",NULL,"Acts"
"1092","be drunk",NULL,"Acts"
"1093","catch (run)",NULL,"Acts"
"1094","bake (in ash)",NULL,"Acts"
"1095","borrow",NULL,"Acts"
"1096","loosen",NULL,"Acts"
"1097","pierce (with weapon)",NULL,"Acts"
"1098","pierce (with finger)",NULL,"Acts"
"1099","pinch",NULL,"Acts"
"1100","done (cook)",NULL,"Acts"
"1101","enter",NULL,"Acts"
"1102","accuse",NULL,"Acts"
"1103","cook",NULL,"Acts"
"1104","break huge fufu",NULL,"Acts"
"1105","know (notice)",NULL,"Acts"
"1106","appoint (put)",NULL,"Acts"
"1107","ask",NULL,"Acts"
"1108","blow (nose)",NULL,"Acts"
"1109","brush (teeth)",NULL,"Acts"
"1110","carry (water)",NULL,"Acts"
"1111","somersault (fufu  in calabash)",NULL,"Acts"
"1112","judge (v)",NULL,"Acts"
"1113","prepare slimmy soup",NULL,"Acts"
"1114","harvest (corn)",NULL,"Acts"
"1115","rear (animals)",NULL,"Acts"
"1116","crack (kernel)",NULL,"Acts"
"1117","rule",NULL,"Acts"
"1118","stammer (v)",NULL,"Acts"
"1119","havest huckleberry",NULL,"Acts"
"1120","hear",NULL,"Acts"
"1121","melt",NULL,"Acts"
"1122","peel (corn)",NULL,"Acts"
"1123","tear (with knife)",NULL,"Acts"
"1124","peel (elephant stalk)",NULL,"Acts"
"1125","pound (cocoyam)",NULL,"Acts"
"1126","remove (feather)",NULL,"Acts"
"1127","remove (mushroom)",NULL,"Acts"
"1128","remove (fire)",NULL,"Acts"
"1129","speak   ",NULL,"Acts"
"1130","say",NULL,"Acts"
"1131","talk",NULL,"Acts"
"1132","tell",NULL,"Acts"
"1133","tell (story)",NULL,"Acts"
"1134","tell lies",NULL,"Acts"
"1135","announce",NULL,"Acts"
"1136","invite, call",NULL,"Acts"
"1137","wonder (v)",NULL,"Acts"
"1138","make (yellow soup)",NULL,"Acts"
"1139","arrange (tune guitar, xylophone)",NULL,"Acts"
"1140","ascend; climb",NULL,"Acts"
"1141","be bad",NULL,"Acts"
"1142","be dirty",NULL,"Acts"
"1143","be lost",NULL,"Acts"
"1144","be poor",NULL,"Acts"
"1145","be red; ripe",NULL,"Acts"
"1146","to be matured",NULL,"Acts"
"1147","be strong",NULL,"Acts"
"1148","bath; wash",NULL,"Acts"
"1149","begin",NULL,"Acts"
"1150","carry",NULL,"Acts"
"1151","carry two men long log",NULL,"Acts"
"1152","stop (rain)",NULL,"Acts"
"1153","chain (someone)",NULL,"Acts"
"1154","check someone; trap",NULL,"Acts"
"1155","check trap",NULL,"Acts"
"1156","ignite (match)",NULL,"Acts"
"1157","crack (egg; stone)",NULL,"Acts"
"1158","crack (groundnut, egussi)",NULL,"Acts"
"1159","humble",NULL,"Acts"
"1160","dance (on toes)",NULL,"Acts"
"1161","deliver (baby)",NULL,"Acts"
"1162","drag, drive a car",NULL,"Acts"
"1163","fall (man, tree)",NULL,"Acts"
"1164","fart (v)",NULL,"Acts"
"1165","go out (exit, leak)",NULL,"Acts"
"1166","grind (on stone)",NULL,"Acts"
"1167","grind (machine)",NULL,"Acts"
"1168","jealous",NULL,"Acts"
"1169","knock (head)",NULL,"Acts"
"1170","knock (door)",NULL,"Acts"
"1171","raise (child)",NULL,"Acts"
"1172","point (finger at)",NULL,"Acts"
"1173","select, choose",NULL,"Acts"
"1174","appoint (someone)",NULL,"Acts"
"1175","pour",NULL,"Acts"
"1176","split (wood)",NULL,"Acts"
"1177","take away",NULL,"Acts"
"1178","seize (force)",NULL,"Acts"
"1179","sex (v)",NULL,"Acts"
"1180","shift",NULL,"Acts"
"1181","seive",NULL,"Acts"
"1182","start",NULL,"Acts"
"1183","sweep",NULL,"Acts"
"1184","squeeze (palm nut)",NULL,"Acts"
"1185","urinate",NULL,"Acts"
"1186","kick (football)",NULL,"Acts"
"1187","write",NULL,"Acts"
"1188","be foolish",NULL,"Acts"
"1189","deny, refuse",NULL,"Acts"
"1190","bark (dog)",NULL,"Acts"
"1191","blow (air)",NULL,"Acts"
"1192","bite",NULL,"Acts"
"1193","be big",NULL,"Acts"
"1194","buy",NULL,"Acts"
"1195","to burn (incense)",NULL,"Acts"
"1196","break",NULL,"Acts"
"1197","initiate (dance)",NULL,"Acts"
"1198","carve (artefacts)",NULL,"Acts"
"1199","stingy (v)",NULL,"Acts"
"1200","escape (something)",NULL,"Acts"
"1201","blink (eye)",NULL,"Acts"
"1202","chase (away)",NULL,"Acts"
"1203","find, search",NULL,"Acts"
"1204","test, try",NULL,"Acts"
"1205","get accident",NULL,"Acts"
"1206","have joy",NULL,"Acts"
"1207","kneel",NULL,"Acts"
"1208","staked, pin stick",NULL,"Acts"
"1209","look",NULL,"Acts"
"1210","be come old",NULL,"Acts"
"1211","squeeze fufu (in water)",NULL,"Acts"
"1212","tear open (fruits)",NULL,"Acts"
"1213","pay",NULL,"Acts"
"1214","pay (fine)",NULL,"Acts"
"1215","pick (lost)",NULL,"Acts"
"1216","humble (manner)",NULL,"Acts"
"1217","pick up",NULL,"Acts"
"1218","roll (stone)",NULL,"Acts"
"1219","sharpen",NULL,"Acts"
"1220","shine (neat)",NULL,"Acts"
"1221","shine (sun, moon, star)",NULL,"Acts"
"1222","shine (torch, bulb)",NULL,"Acts"
"1223","shine (excess sun)",NULL,"Acts"
"1224","shine (excess torchlight)",NULL,"Acts"
"1225","send",NULL,"Acts"
"1226","squeeze (cloth)",NULL,"Acts"
"1227","smell",NULL,"Acts"
"1228","go (somewhere)",NULL,"Acts"
"1229","touch",NULL,"Acts"
"1230","taste",NULL,"Acts"
"1231","take (part of something)",NULL,"Acts"
"1232","glue",NULL,"Acts"
"1233","want",NULL,"Acts"
"1234","whistle (v)",NULL,"Acts"
"1235","be white",NULL,"Acts"
"1236","rub excess (oil)",NULL,"Acts"
"1237","close, cover (door)",NULL,"Acts"
"1238","hide",NULL,"Acts"
"1239","dig",NULL,"Acts"
"1240","labour (birth)",NULL,"Acts"
"1241","jerk, lift",NULL,"Acts"
"1242","light (weight)",NULL,"Acts"
"1243","like, love",NULL,"Acts"
"1244","live, stay",NULL,"Acts"
"1245","lie (talk)",NULL,"Acts"
"1246","support (plantain)",NULL,"Acts"
"1247","knit (cloth, cap)",NULL,"Acts"
"1248","twist (face )",NULL,"Acts"
"1249","plaster (house)",NULL,"Acts"
"1250","mould (bricks)",NULL,"Acts"
"1251","roll fufu (in palm)",NULL,"Acts"
"1252","disapear",NULL,"Acts"
"1253","disperse (crowd)",NULL,"Acts"
"1254","disperse (itselves)",NULL,"Acts"
"1255","scatter (bag, cloth)",NULL,"Acts"
"1256","open eye",NULL,"Acts"
"1257","obstruct",NULL,"Acts"
"1258","be quiet",NULL,"Acts"
"1259","roast (corn)",NULL,"Acts"
"1260","pate (child)",NULL,"Acts"
"1261","see",NULL,"Acts"
"1262","shoot",NULL,"Acts"
"1263","be witch",NULL,"Acts"
"1264","shout",NULL,"Acts"
"1265","travel (go far off)",NULL,"Acts"
"1266","be",NULL,"Acts"
"1267","accept, belief, agree",NULL,"Acts"
"1268","cross (bridge, road)",NULL,"Acts"
"1269","be dark",NULL,"Acts"
"1270","happen",NULL,"Acts"
"1271","omit",NULL,"Acts"
"1272","sit",NULL,"Acts"
"1273","put medicine (farm)",NULL,"Acts"
"1274","put medicine (thief)",NULL,"Acts"
"1275","abuse",NULL,"Acts"
"1276","bargain (price)",NULL,"Acts"
"1277","burst pepper",NULL,"Acts"
"1278","carve (face hair)",NULL,"Acts"
"1279","clean",NULL,"Acts"
"1280","light clear (grass)",NULL,"Acts"
"1281","cut (in to slices)",NULL,"Acts"
"1282","drip (v)",NULL,"Acts"
"1283","haverst (corn)",NULL,"Acts"
"1284","hit, box",NULL,"Acts"
"1285","horn, blow, whisled",NULL,"Acts"
"1286","jerk (repeatedly)",NULL,"Acts"
"1287","pluck (feather on grave)",NULL,"Acts"
"1288","scarify",NULL,"Acts"
"1289","incantate (grave)",NULL,"Acts"
"1290","sew (with hand)",NULL,"Acts"
"1291","sew (with machine)",NULL,"Acts"
"1292","be proud",NULL,"Acts"
"1293","play (xylophone, drum, music, scream, shout",NULL,"Acts"
"1294","arrange(head house)",NULL,"Acts"
"1295","be weak",NULL,"Acts"
"1296","demolish (house)",NULL,"Acts"
"1297","put excess oil in vegetables",NULL,"Acts"
"1298","wrestle",NULL,"Acts"
"1299","be heavy",NULL,"Acts"
"1300","bow down",NULL,"Acts"
"1301","deceive, cheat",NULL,"Acts"
"1302","fall, fail (repeatedly)",NULL,"Acts"
"1303","pluck (banana eye)",NULL,"Acts"
"1304","pluck (banana eyes repeatedly",NULL,"Acts"
"1305","sigh (v)",NULL,"Acts"
"1306","meander (stick, road, river, bamboo)",NULL,"Acts"
"1307","pluck broom (from palm frond)",NULL,"Acts"
"1308","spread sheet (on bed)",NULL,"Acts"
"1309","scatter (by fowl)",NULL,"Acts"
"1310","stir vegetable",NULL,"Acts"
"1311","remove (palm nuts)",NULL,"Acts"
"1312","select (vegetable)",NULL,"Acts"
"1313","exile, banish",NULL,"Acts"
"1314","wake (sleep, death)",NULL,"Acts"
"1315","argue",NULL,"Acts"
"1316","embrance",NULL,"Acts"
"1317","change, exchange",NULL,"Acts"
"1318","be happy, joy",NULL,"Acts"
"1319","remember",NULL,"Acts"
"1320"," be short",NULL,"Acts"
"1321","be tall",NULL,"Acts"
"1322","bypass (different roads, overtake, give way)",NULL,"Acts"
"1323","bypass (different roads)",NULL,"Acts"
"1324","struggle",NULL,"Acts"
"1325","castrate (pig, goat)",NULL,"Acts"
"1326","disturb",NULL,"Acts"
"1327","carry with hands",NULL,"Acts"
"1328","fold (arm, headpat, arm) (v)",NULL,"Acts"
"1329","fold clothes",NULL,"Acts"
"1330","fold (fasten) fingers (v)",NULL,"Acts"
"1331","collect (rain water)",NULL,"Acts"
"1332","compare",NULL,"Acts"
"1333","spoil self, miscarriage person",NULL,"Acts"
"1334","destroy",NULL,"Acts"
"1335","forget",NULL,"Acts"
"1336","hurry",NULL,"Acts"
"1337","initiate",NULL,"Acts"
"1338","learn, teach",NULL,"Acts"
"1339","listen, hear",NULL,"Acts"
"1340","silence (v)",NULL,"Acts"
"1341","lean",NULL,"Acts"
"1342","message, press",NULL,"Acts"
"1343","shake (person)",NULL,"Acts"
"1344","shake (pear tree)",NULL,"Acts"
"1345","squeeze neck (devil)",NULL,"Acts"
"1346","push",NULL,"Acts"
"1347","press test ripeness",NULL,"Acts"
"1348","mix raw corn beer mix (liquid)",NULL,"Acts"
"1349","be black",NULL,"Acts"
"1350","shave head(razor)",NULL,"Acts"
"1351"," jump",NULL,"Acts"
"1352","erase, wipe",NULL,"Acts"
"1353","show (cup to collect something)",NULL,"Acts"
"1354","transfer, exile, leave house",NULL,"Acts"
"1355","imitate",NULL,"Acts"
"1356","worrisome (v)",NULL,"Acts"
"1357","miscarriage (pig)",NULL,"Acts"
"1358","divide (cut pieces)",NULL,"Acts"
"1359","separate (fight)",NULL,"Acts"
"1360","eat slimmy soup",NULL,"Acts"
"1361","fly (bird)",NULL,"Acts"
"1362","fade",NULL,"Acts"
"1363","level",NULL,"Acts"
"1364","measure",NULL,"Acts"
"1365","till soil to plant groundnut",NULL,"Acts"
"1366","reduce (soup, corn)",NULL,"Acts"
"1367","reduce, length",NULL,"Acts"
"1368","scatter (heap)",NULL,"Acts"
"1369","heap up(wood)",NULL,"Acts"
"1370","build, heap (mud)",NULL,"Acts"
"1371","transform (into spirit)",NULL,"Acts"
"1372","turn (dancing)",NULL,"Acts"
"1373","conduct (turn a stick)",NULL,"Acts"
"1374","wait",NULL,"Acts"
"1375","fry",NULL,"Acts"
"1376","heat (fufu)",NULL,"Acts"
"1377","fill cup (a drink)",NULL,"Acts"
"1378","fill cup (oil, liquid)",NULL,"Acts"
"1379","respond, reply",NULL,"Acts"
"1380","persist, insist",NULL,"Acts"
"1381","swim",NULL,"Acts"
"1382","sink",NULL,"Acts"
"1383","mock",NULL,"Acts"
"1384","eat bone",NULL,"Acts"
"1385","collapse (bricks)",NULL,"Acts"
"1386","collapse (house)",NULL,"Acts"
"1387","advise",NULL,"Acts"
"1388","hate",NULL,"Acts"
"1389","be ashame",NULL,"Acts"
"1390","be deaf",NULL,"Acts"
"1391","be sour",NULL,"Acts"
"1392","crawl, creep (child)",NULL,"Acts"
"1393","debate",NULL,"Acts"
"1394","heal (well)",NULL,"Acts"
"1395","join (people)",NULL,"Acts"
"1396","joke (play)",NULL,"Acts"
"1397","bore (hole)",NULL,"Acts"
"1398","adapt (used to)",NULL,"Acts"
"1399","scratch",NULL,"Acts"
"1400","sell",NULL,"Acts"
"1401","wander (about)",NULL,"Acts"
"1402","direct (place, road)",NULL,"Acts"
"1403","long length, height",NULL,"Acts"
"1404","miss road",NULL,"Acts"
"1405","collide",NULL,"Acts"
"1406","gather",NULL,"Acts"
"1407","greet",NULL,"Acts"
"1408","rescue",NULL,"Acts"
"1409","mix soft with strong shar",NULL,"Acts"
"1410","put normal oil in vegetable",NULL,"Acts"
"1411","raise (a child)",NULL,"Acts"
"1412","stir (pap)",NULL,"Acts"
"1413","stir (stream dirty)",NULL,"Acts"
"1414","manage",NULL,"Acts"
"1415","dress up (nicely)",NULL,"Acts"
"1416","bring (down)",NULL,"Acts"
"1417","extinguish (fire)",NULL,"Acts"
"1418","tend (fire)",NULL,"Acts"
"1419","add, join",NULL,"Acts"
"1420","rub, anoint",NULL,"Acts"
"1421","be quick, rapid, fast",NULL,"Acts"
"1422","bend",NULL,"Acts"
"1423","breast feed",NULL,"Acts"
"1424","hit lighly",NULL,"Acts"
"1425","disappear",NULL,"Acts"
"1426","feed",NULL,"Acts"
"1427","frighten",NULL,"Acts"
"1428","impregnate",NULL,"Acts"
"1429","inherit",NULL,"Acts"
"1430","injure (someone else)",NULL,"Acts"
"1431","injure (by yourself)",NULL,"Acts"
"1432","rotten",NULL,"Acts"
"1433","lift together onto a head",NULL,"Acts"
"1434","tie (rope)",NULL,"Acts"
"1435","vex",NULL,"Acts"
"1436","perspire (sweat)",NULL,"Acts"
"1437","put down (load from head)",NULL,"Acts"
"1438","resemble",NULL,"Acts"
"1439","sad",NULL,"Acts"
"1440","ugly",NULL,"Acts"
"1441","disregard (filth)",NULL,"Acts"
"1442","slip off, slide",NULL,"Acts"
"1443","spend (the day)",NULL,"Acts"
"1444","align",NULL,"Acts"
"1445","clear (with hoe)",NULL,"Acts"
"1446","cultivate, till",NULL,"Acts"
"1447","end",NULL,"Acts"
"1448","to visit",NULL,"Acts"
"1449","guess",NULL,"Acts"
"1450","inherit (a widow)",NULL,"Acts"
"1451","loan",NULL,"Acts"
"1452","minimise (someone, thing, gift)",NULL,"Acts"
"1453","prone (palm tree)",NULL,"Acts"
"1454","spy (listening secretly",NULL,"Acts"
"1455","swing",NULL,"Acts"
"1456","be mad, head off",NULL,"Acts"
"1457","beat (bitterly)",NULL,"Acts"
"1458","hang up (bag)",NULL,"Acts"
"1459","hang off (bag)",NULL,"Acts"
"1460","commit suicide",NULL,"Acts"
"1461","peak (fowl eat)",NULL,"Acts"
"1462","yawn",NULL,"Acts"
"1463","help",NULL,"Acts"
"1464","incubate (on egg)",NULL,"Acts"
"1465","park",NULL,"Acts"
"1466","groan (sick)",NULL,"Acts"
"1467","stretch (arm)",NULL,"Acts"
"1468","be thick (pap)",NULL,"Acts"
"1469","clot, coagulate",NULL,"Acts"
"1470","put injunction order",NULL,"Acts"
"1471","imprison  ",NULL,"Acts"
"1472","tie (firewood)",NULL,"Acts"
"1473","crack (rock by itself)",NULL,"Acts"
"1474","squeeze (bitterleaf)",NULL,"Acts"
"1475","noise (thunder)",NULL,"Acts"
"1476","strike (thunder)",NULL,"Acts"
"1477","play (leisure)",NULL,"Acts"
"1478","ring bell",NULL,"Acts"
"1479","rape",NULL,"Acts"
"1480","rot, rust (iron)",NULL,"Acts"
"1481","point torch",NULL,"Acts"
"1482","dream (v)",NULL,"Acts"
"1483","prostitute (v)",NULL,"Acts"
"1484","be pregnant",NULL,"Acts"
"1485","frustrate, confuse",NULL,"Acts"
"1486","join, add",NULL,"Acts"
"1487","wonder (about)",NULL,"Acts"
"1488","smile",NULL,"Acts"
"1489","ben",NULL,"Acts"
"1490","(tə̀ŋgə̀fə́)",NULL,"Acts"
"1491","be pregnant (v)",NULL,"Acts"
"1492","swell (v)",NULL,"Acts"
"1493","swear (v)",NULL,"Acts"
"1494","fear (v)",NULL,"Acts"
"1495","hunt (v)",NULL,"Acts"
"1496","one (1)",NULL,"Numeral"
"1497","two (2)",NULL,"Numeral"
"1498","three (3)",NULL,"Numeral"
"1499","four (4)",NULL,"Numeral"
"1500","five (5)",NULL,"Numeral"
"1501","six (6)",NULL,"Numeral"
"1502","seven (7)",NULL,"Numeral"
"1503","eight (8)",NULL,"Numeral"
"1504","nine (9)",NULL,"Numeral"
"1505","ten (10)",NULL,"Numeral"
"1506","eleven (11)",NULL,"Numeral"
"1507","twelve (12)",NULL,"Numeral"
"1508","thirteen (13)",NULL,"Numeral"
"1509","fourteen (14)",NULL,"Numeral"
"1510","fifteen (15)",NULL,"Numeral"
"1511","sixteen (16)",NULL,"Numeral"
"1512","seventeen (17)",NULL,"Numeral"
"1513","eighteen (18)",NULL,"Numeral"
"1514","nineteen (19)",NULL,"Numeral"
"1515","twenty (20)",NULL,"Numeral"
"1516","twenty one (21)",NULL,"Numeral"
"1517","twenty two (22)",NULL,"Numeral"
"1518","twenty three (23)",NULL,"Numeral"
"1519","twenty four (24)",NULL,"Numeral"
"1520","twenty five (25)",NULL,"Numeral"
"1521","twenty six (26)",NULL,"Numeral"
"1522","twenty seven (27)",NULL,"Numeral"
"1523","twenty eight (28)",NULL,"Numeral"
"1524","twenty nine (29)",NULL,"Numeral"
"1525","thirty (30)",NULL,"Numeral"
"1526","fourty (40)",NULL,"Numeral"
"1527","fifty (50)",NULL,"Numeral"
"1528","sixty (60)",NULL,"Numeral"
"1529","seventy (70)",NULL,"Numeral"
"1530","eighty (80)",NULL,"Numeral"
"1531","ninety (90)",NULL,"Numeral"
"1532","one hundred (100)",NULL,"Numeral"
"1533","two hundred (200)",NULL,"Numeral"
"1534","three hundred (300)",NULL,"Numeral"
"1535","four hundred (400)",NULL,"Numeral"
"1536","five hundred (500)",NULL,"Numeral"
"1537","eight hundred (800)",NULL,"Numeral"
"1538","one thousand (1000)",NULL,"Numeral"
"1539","two thousand (2000)",NULL,"Numeral"
"1540","ten thousand (10,000)",NULL,"Numeral"
"1541","twenty thounsand (20,000)",NULL,"Numeral"
"1542","one million (1,000,000)",NULL,"Numeral"
"1543","two million (2,000,000)",NULL,"Numeral"
"1544","ridge (bed-farm)",NULL,"Land"
"1545","burn",NULL,"Act"
"1546","walk",NULL,"Act"
"1547","wear",NULL,"Act"
"1548","beat",NULL,"Act"
"1549","burn",NULL,"Act"
"1550","burn",NULL,"Act"
"1551","open (pot)",NULL,NULL
"1552","I",NULL,"Pronoun"
"1553","you (sg)",NULL,"Pronoun"
"1554","he/she",NULL,"Pronoun"
"1555","we (inc)",NULL,"Pronoun"
"1556","you (pl)",NULL,"Pronoun"
"1557","they",NULL,"Pronoun"
"1558","dance (v)",NULL,"Acts"
"1559","roast",NULL,"Acts"
