Doculect1	Doculect2	weight	color
ABSMissong1	AGAMissong2	.01	transparent
ABSMissong1	AOMNgun2	.01	transparent
ABSMissong1	APBMumfu1	.01	transparent
ABSMissong1	BAAMashi4	.01	transparent
ABSMissong1	BKBMashi2	.01	transparent
ABSMissong1	BNMKung2	.01	transparent
ABSMissong1	CENMundabli2	.01	transparent
ABSMissong1	DNMMumfu2	.01	transparent
ABSMissong1	DPJKoshin1	.01	transparent
ABSMissong1	DPNFang13	.01	transparent
ABSMissong1	ECLAbar8	.01	transparent
ABSMissong1	ENBBiya1	.01	transparent
ABSMissong1	FBCBiya8	.01	transparent
ABSMissong1	ICNBiya2	.01	transparent
ABSMissong1	JGYKoshin3	.01	transparent
ABSMissong1	KBMNgun4	.01	transparent
ABSMissong1	KCSKung3	.01	transparent
ABSMissong1	KCYBuu2	.01	transparent
ABSMissong1	KDCAjumbu10	.01	transparent
ABSMissong1	KDVFang1	.01	transparent
ABSMissong1	KEMBuu1	.01	transparent
ABSMissong1	KFKMashi1	.01	transparent
ABSMissong1	KHKFang12	.01	transparent
ABSMissong1	KJSFang2	.01	transparent
ABSMissong1	KMNAjumbu2	.01	transparent
ABSMissong1	LFNMundabli1	.01	transparent
ABSMissong1	MCANgun3	.01	transparent
ABSMissong1	MEAMumfu3	.01	transparent
ABSMissong1	MNJBuu4	.01	transparent
ABSMissong1	MRYKoshin2	.01	transparent
ABSMissong1	NACAbar2	.01	transparent
ABSMissong1	NCCMumfu4	.01	transparent
ABSMissong1	NCMMashi5	.01	transparent
ABSMissong1	NDNMissong5	.01	transparent
ABSMissong1	NEAMunken1	.01	transparent
ABSMissong1	NEMAjumbu9	.01	transparent
ABSMissong1	NFKBiya7	.01	transparent
ABSMissong1	NGTMunken3	.01	transparent
ABSMissong1	NINMundabli4	.01	transparent
ABSMissong1	NJNBiya6	.01	transparent
ABSMissong1	NJSKung4	.01	transparent
ABSMissong1	NMAAbar1	.01	transparent
ABSMissong1	NMNMundabli3	.01	transparent
ABSMissong1	NMSMissong4	.01	transparent
ABSMissong1	NNBBuu3	.01	transparent
ABSMissong1	NSFBiya5	.01	transparent
ABSMissong1	NUNMunken4	.01	transparent
ABSMissong1	NVBAbar7	.01	transparent
ABSMissong1	NVIAjumbu1	.01	transparent
ABSMissong1	TELKoshin4	.01	transparent
ABSMissong1	TNTMunken2	.01	transparent
ABSMissong1	WCANgun1	.01	transparent
ABSMissong1	ZKGKung1	.01	transparent
AGAMissong2	AOMNgun2	.01	transparent
AGAMissong2	APBMumfu1	.01	transparent
AGAMissong2	BAAMashi4	.01	transparent
AGAMissong2	BKBMashi2	.01	transparent
AGAMissong2	BNMKung2	.01	transparent
AGAMissong2	CENMundabli2	.01	transparent
AGAMissong2	DNMMumfu2	.01	transparent
AGAMissong2	DPJKoshin1	.01	transparent
AGAMissong2	DPNFang13	.01	transparent
AGAMissong2	ECLAbar8	.01	transparent
AGAMissong2	ENBBiya1	.01	transparent
AGAMissong2	FBCBiya8	.01	transparent
AGAMissong2	ICNBiya2	.01	transparent
AGAMissong2	JGYKoshin3	.01	transparent
AGAMissong2	KBMNgun4	.01	transparent
AGAMissong2	KCSKung3	.01	transparent
AGAMissong2	KCYBuu2	.01	transparent
AGAMissong2	KDCAjumbu10	.01	transparent
AGAMissong2	KDVFang1	.01	transparent
AGAMissong2	KEMBuu1	.01	transparent
AGAMissong2	KFKMashi1	.01	transparent
AGAMissong2	KHKFang12	.01	transparent
AGAMissong2	KJSFang2	.01	transparent
AGAMissong2	KMNAjumbu2	.01	transparent
AGAMissong2	LFNMundabli1	.01	transparent
AGAMissong2	MCANgun3	.01	transparent
AGAMissong2	MEAMumfu3	.01	transparent
AGAMissong2	MNJBuu4	.01	transparent
AGAMissong2	MRYKoshin2	.01	transparent
AGAMissong2	NACAbar2	.01	transparent
AGAMissong2	NCCMumfu4	.01	transparent
AGAMissong2	NCMMashi5	.01	transparent
AGAMissong2	NDNMissong5	.01	transparent
AGAMissong2	NEAMunken1	.01	transparent
AGAMissong2	NEMAjumbu9	.01	transparent
AGAMissong2	NFKBiya7	.01	transparent
AGAMissong2	NGTMunken3	.01	transparent
AGAMissong2	NINMundabli4	.01	transparent
AGAMissong2	NJNBiya6	.01	transparent
AGAMissong2	NJSKung4	.01	transparent
AGAMissong2	NMAAbar1	.01	transparent
AGAMissong2	NMNMundabli3	.01	transparent
AGAMissong2	NMSMissong4	.01	transparent
AGAMissong2	NNBBuu3	.01	transparent
AGAMissong2	NSFBiya5	.01	transparent
AGAMissong2	NUNMunken4	.01	transparent
AGAMissong2	NVBAbar7	.01	transparent
AGAMissong2	NVIAjumbu1	.01	transparent
AGAMissong2	TELKoshin4	.01	transparent
AGAMissong2	TNTMunken2	.01	transparent
AGAMissong2	WCANgun1	.01	transparent
AGAMissong2	ZKGKung1	.01	transparent
AOMNgun2	APBMumfu1	.01	transparent
AOMNgun2	BAAMashi4	.01	transparent
AOMNgun2	BKBMashi2	.01	transparent
AOMNgun2	BNMKung2	.01	transparent
AOMNgun2	CENMundabli2	.01	transparent
AOMNgun2	DNMMumfu2	.01	transparent
AOMNgun2	DPJKoshin1	.01	transparent
AOMNgun2	DPNFang13	.01	transparent
AOMNgun2	ECLAbar8	.01	transparent
AOMNgun2	ENBBiya1	.01	transparent
AOMNgun2	FBCBiya8	.01	transparent
AOMNgun2	ICNBiya2	.01	transparent
AOMNgun2	JGYKoshin3	.01	transparent
AOMNgun2	KBMNgun4	.01	transparent
AOMNgun2	KCSKung3	.01	transparent
AOMNgun2	KCYBuu2	.01	transparent
AOMNgun2	KDCAjumbu10	.01	transparent
AOMNgun2	KDVFang1	.01	transparent
AOMNgun2	KEMBuu1	.01	transparent
AOMNgun2	KFKMashi1	.01	transparent
AOMNgun2	KHKFang12	.01	transparent
AOMNgun2	KJSFang2	.01	transparent
AOMNgun2	KMNAjumbu2	.01	transparent
AOMNgun2	LFNMundabli1	.01	transparent
AOMNgun2	MCANgun3	.01	transparent
AOMNgun2	MEAMumfu3	.01	transparent
AOMNgun2	MNJBuu4	.01	transparent
AOMNgun2	MRYKoshin2	.01	transparent
AOMNgun2	NACAbar2	.01	transparent
AOMNgun2	NCCMumfu4	.01	transparent
AOMNgun2	NCMMashi5	.01	transparent
AOMNgun2	NDNMissong5	.01	transparent
AOMNgun2	NEAMunken1	.01	transparent
AOMNgun2	NEMAjumbu9	.01	transparent
AOMNgun2	NFKBiya7	.01	transparent
AOMNgun2	NGTMunken3	.01	transparent
AOMNgun2	NINMundabli4	.01	transparent
AOMNgun2	NJNBiya6	.01	transparent
AOMNgun2	NJSKung4	.01	transparent
AOMNgun2	NMAAbar1	.01	transparent
AOMNgun2	NMNMundabli3	.01	transparent
AOMNgun2	NMSMissong4	.01	transparent
AOMNgun2	NNBBuu3	.01	transparent
AOMNgun2	NSFBiya5	.01	transparent
AOMNgun2	NUNMunken4	.01	transparent
AOMNgun2	NVBAbar7	.01	transparent
AOMNgun2	NVIAjumbu1	.01	transparent
AOMNgun2	TELKoshin4	.01	transparent
AOMNgun2	TNTMunken2	.01	transparent
AOMNgun2	WCANgun1	.01	transparent
AOMNgun2	ZKGKung1	.01	transparent
APBMumfu1	BAAMashi4	.01	transparent
APBMumfu1	BKBMashi2	.01	transparent
APBMumfu1	BNMKung2	12	purple
APBMumfu1	CENMundabli2	33.0	grey75
APBMumfu1	DNMMumfu2	33.0	grey75
APBMumfu1	DPJKoshin1	.01	transparent
APBMumfu1	DPNFang13	.01	transparent
APBMumfu1	ECLAbar8	.01	transparent
APBMumfu1	ENBBiya1	.01	transparent
APBMumfu1	FBCBiya8	.01	transparent
APBMumfu1	ICNBiya2	.01	transparent
APBMumfu1	JGYKoshin3	.01	transparent
APBMumfu1	KBMNgun4	.01	transparent
APBMumfu1	KCSKung3	16	purple
APBMumfu1	KCYBuu2	43	red
APBMumfu1	KDCAjumbu10	.01	transparent
APBMumfu1	KDVFang1	.01	transparent
APBMumfu1	KEMBuu1	44	red
APBMumfu1	KFKMashi1	.01	transparent
APBMumfu1	KHKFang12	.01	transparent
APBMumfu1	KJSFang2	.01	transparent
APBMumfu1	KMNAjumbu2	.01	transparent
APBMumfu1	LFNMundabli1	34.0	grey75
APBMumfu1	MCANgun3	.01	transparent
APBMumfu1	MEAMumfu3	34.666666666666664	grey75
APBMumfu1	MNJBuu4	47	red
APBMumfu1	MRYKoshin2	.01	transparent
APBMumfu1	NACAbar2	.01	transparent
APBMumfu1	NCCMumfu4	36.0	grey75
APBMumfu1	NCMMashi5	.01	transparent
APBMumfu1	NDNMissong5	.01	transparent
APBMumfu1	NEAMunken1	.01	transparent
APBMumfu1	NEMAjumbu9	.01	transparent
APBMumfu1	NFKBiya7	.01	transparent
APBMumfu1	NGTMunken3	.01	transparent
APBMumfu1	NINMundabli4	32.666666666666664	grey75
APBMumfu1	NJNBiya6	.01	transparent
APBMumfu1	NJSKung4	16	purple
APBMumfu1	NMAAbar1	.01	transparent
APBMumfu1	NMNMundabli3	33.333333333333336	grey75
APBMumfu1	NMSMissong4	.01	transparent
APBMumfu1	NNBBuu3	46	red
APBMumfu1	NSFBiya5	.01	transparent
APBMumfu1	NUNMunken4	.01	transparent
APBMumfu1	NVBAbar7	.01	transparent
APBMumfu1	NVIAjumbu1	.01	transparent
APBMumfu1	TELKoshin4	.01	transparent
APBMumfu1	TNTMunken2	.01	transparent
APBMumfu1	WCANgun1	.01	transparent
APBMumfu1	ZKGKung1	13	purple
BAAMashi4	BKBMashi2	.01	transparent
BAAMashi4	BNMKung2	.01	transparent
BAAMashi4	CENMundabli2	.01	transparent
BAAMashi4	DNMMumfu2	.01	transparent
BAAMashi4	DPJKoshin1	.01	transparent
BAAMashi4	DPNFang13	.01	transparent
BAAMashi4	ECLAbar8	.01	transparent
BAAMashi4	ENBBiya1	.01	transparent
BAAMashi4	FBCBiya8	.01	transparent
BAAMashi4	ICNBiya2	.01	transparent
BAAMashi4	JGYKoshin3	.01	transparent
BAAMashi4	KBMNgun4	.01	transparent
BAAMashi4	KCSKung3	.01	transparent
BAAMashi4	KCYBuu2	.01	transparent
BAAMashi4	KDCAjumbu10	.01	transparent
BAAMashi4	KDVFang1	.01	transparent
BAAMashi4	KEMBuu1	.01	transparent
BAAMashi4	KFKMashi1	.01	transparent
BAAMashi4	KHKFang12	.01	transparent
BAAMashi4	KJSFang2	.01	transparent
BAAMashi4	KMNAjumbu2	.01	transparent
BAAMashi4	LFNMundabli1	.01	transparent
BAAMashi4	MCANgun3	.01	transparent
BAAMashi4	MEAMumfu3	.01	transparent
BAAMashi4	MNJBuu4	.01	transparent
BAAMashi4	MRYKoshin2	.01	transparent
BAAMashi4	NACAbar2	.01	transparent
BAAMashi4	NCCMumfu4	.01	transparent
BAAMashi4	NCMMashi5	.01	transparent
BAAMashi4	NDNMissong5	.01	transparent
BAAMashi4	NEAMunken1	.01	transparent
BAAMashi4	NEMAjumbu9	.01	transparent
BAAMashi4	NFKBiya7	.01	transparent
BAAMashi4	NGTMunken3	.01	transparent
BAAMashi4	NINMundabli4	.01	transparent
BAAMashi4	NJNBiya6	.01	transparent
BAAMashi4	NJSKung4	.01	transparent
BAAMashi4	NMAAbar1	.01	transparent
BAAMashi4	NMNMundabli3	.01	transparent
BAAMashi4	NMSMissong4	.01	transparent
BAAMashi4	NNBBuu3	.01	transparent
BAAMashi4	NSFBiya5	.01	transparent
BAAMashi4	NUNMunken4	.01	transparent
BAAMashi4	NVBAbar7	.01	transparent
BAAMashi4	NVIAjumbu1	.01	transparent
BAAMashi4	TELKoshin4	.01	transparent
BAAMashi4	TNTMunken2	.01	transparent
BAAMashi4	WCANgun1	.01	transparent
BAAMashi4	ZKGKung1	.01	transparent
BKBMashi2	BNMKung2	.01	transparent
BKBMashi2	CENMundabli2	.01	transparent
BKBMashi2	DNMMumfu2	.01	transparent
BKBMashi2	DPJKoshin1	.01	transparent
BKBMashi2	DPNFang13	.01	transparent
BKBMashi2	ECLAbar8	.01	transparent
BKBMashi2	ENBBiya1	.01	transparent
BKBMashi2	FBCBiya8	.01	transparent
BKBMashi2	ICNBiya2	.01	transparent
BKBMashi2	JGYKoshin3	.01	transparent
BKBMashi2	KBMNgun4	.01	transparent
BKBMashi2	KCSKung3	.01	transparent
BKBMashi2	KCYBuu2	.01	transparent
BKBMashi2	KDCAjumbu10	.01	transparent
BKBMashi2	KDVFang1	.01	transparent
BKBMashi2	KEMBuu1	.01	transparent
BKBMashi2	KFKMashi1	.01	transparent
BKBMashi2	KHKFang12	.01	transparent
BKBMashi2	KJSFang2	.01	transparent
BKBMashi2	KMNAjumbu2	.01	transparent
BKBMashi2	LFNMundabli1	.01	transparent
BKBMashi2	MCANgun3	.01	transparent
BKBMashi2	MEAMumfu3	.01	transparent
BKBMashi2	MNJBuu4	.01	transparent
BKBMashi2	MRYKoshin2	.01	transparent
BKBMashi2	NACAbar2	.01	transparent
BKBMashi2	NCCMumfu4	.01	transparent
BKBMashi2	NCMMashi5	.01	transparent
BKBMashi2	NDNMissong5	.01	transparent
BKBMashi2	NEAMunken1	.01	transparent
BKBMashi2	NEMAjumbu9	.01	transparent
BKBMashi2	NFKBiya7	.01	transparent
BKBMashi2	NGTMunken3	.01	transparent
BKBMashi2	NINMundabli4	.01	transparent
BKBMashi2	NJNBiya6	.01	transparent
BKBMashi2	NJSKung4	.01	transparent
BKBMashi2	NMAAbar1	.01	transparent
BKBMashi2	NMNMundabli3	.01	transparent
BKBMashi2	NMSMissong4	.01	transparent
BKBMashi2	NNBBuu3	.01	transparent
BKBMashi2	NSFBiya5	.01	transparent
BKBMashi2	NUNMunken4	.01	transparent
BKBMashi2	NVBAbar7	.01	transparent
BKBMashi2	NVIAjumbu1	.01	transparent
BKBMashi2	TELKoshin4	.01	transparent
BKBMashi2	TNTMunken2	.01	transparent
BKBMashi2	WCANgun1	.01	transparent
BKBMashi2	ZKGKung1	.01	transparent
BNMKung2	CENMundabli2	13	purple
BNMKung2	DNMMumfu2	11	purple
BNMKung2	DPJKoshin1	.01	transparent
BNMKung2	DPNFang13	.01	transparent
BNMKung2	ECLAbar8	.01	transparent
BNMKung2	ENBBiya1	.01	transparent
BNMKung2	FBCBiya8	.01	transparent
BNMKung2	ICNBiya2	.01	transparent
BNMKung2	JGYKoshin3	.01	transparent
BNMKung2	KBMNgun4	.01	transparent
BNMKung2	KCSKung3	26.666666666666668	grey75
BNMKung2	KCYBuu2	21	blue
BNMKung2	KDCAjumbu10	.01	transparent
BNMKung2	KDVFang1	.01	transparent
BNMKung2	KEMBuu1	21	blue
BNMKung2	KFKMashi1	.01	transparent
BNMKung2	KHKFang12	.01	transparent
BNMKung2	KJSFang2	.01	transparent
BNMKung2	KMNAjumbu2	.01	transparent
BNMKung2	LFNMundabli1	12	purple
BNMKung2	MCANgun3	.01	transparent
BNMKung2	MEAMumfu3	12	purple
BNMKung2	MNJBuu4	27	blue
BNMKung2	MRYKoshin2	.01	transparent
BNMKung2	NACAbar2	.01	transparent
BNMKung2	NCCMumfu4	12	purple
BNMKung2	NCMMashi5	.01	transparent
BNMKung2	NDNMissong5	.01	transparent
BNMKung2	NEAMunken1	.01	transparent
BNMKung2	NEMAjumbu9	.01	transparent
BNMKung2	NFKBiya7	.01	transparent
BNMKung2	NGTMunken3	.01	transparent
BNMKung2	NINMundabli4	13	purple
BNMKung2	NJNBiya6	.01	transparent
BNMKung2	NJSKung4	28.666666666666668	grey75
BNMKung2	NMAAbar1	.01	transparent
BNMKung2	NMNMundabli3	12	purple
BNMKung2	NMSMissong4	.01	transparent
BNMKung2	NNBBuu3	27	blue
BNMKung2	NSFBiya5	.01	transparent
BNMKung2	NUNMunken4	.01	transparent
BNMKung2	NVBAbar7	.01	transparent
BNMKung2	NVIAjumbu1	.01	transparent
BNMKung2	TELKoshin4	.01	transparent
BNMKung2	TNTMunken2	.01	transparent
BNMKung2	WCANgun1	.01	transparent
BNMKung2	ZKGKung1	30.0	grey75
CENMundabli2	DNMMumfu2	29.333333333333332	grey75
CENMundabli2	DPJKoshin1	.01	transparent
CENMundabli2	DPNFang13	.01	transparent
CENMundabli2	ECLAbar8	.01	transparent
CENMundabli2	ENBBiya1	.01	transparent
CENMundabli2	FBCBiya8	.01	transparent
CENMundabli2	ICNBiya2	.01	transparent
CENMundabli2	JGYKoshin3	.01	transparent
CENMundabli2	KBMNgun4	.01	transparent
CENMundabli2	KCSKung3	17	purple
CENMundabli2	KCYBuu2	45	red
CENMundabli2	KDCAjumbu10	.01	transparent
CENMundabli2	KDVFang1	.01	transparent
CENMundabli2	KEMBuu1	49	red
CENMundabli2	KFKMashi1	.01	transparent
CENMundabli2	KHKFang12	.01	transparent
CENMundabli2	KJSFang2	.01	transparent
CENMundabli2	KMNAjumbu2	.01	transparent
CENMundabli2	LFNMundabli1	37.0	grey75
CENMundabli2	MCANgun3	.01	transparent
CENMundabli2	MEAMumfu3	32.333333333333336	grey75
CENMundabli2	MNJBuu4	51	red
CENMundabli2	MRYKoshin2	.01	transparent
CENMundabli2	NACAbar2	.01	transparent
CENMundabli2	NCCMumfu4	33.0	grey75
CENMundabli2	NCMMashi5	.01	transparent
CENMundabli2	NDNMissong5	.01	transparent
CENMundabli2	NEAMunken1	.01	transparent
CENMundabli2	NEMAjumbu9	.01	transparent
CENMundabli2	NFKBiya7	.01	transparent
CENMundabli2	NGTMunken3	.01	transparent
CENMundabli2	NINMundabli4	37.0	grey75
CENMundabli2	NJNBiya6	.01	transparent
CENMundabli2	NJSKung4	16	purple
CENMundabli2	NMAAbar1	.01	transparent
CENMundabli2	NMNMundabli3	38.666666666666664	grey75
CENMundabli2	NMSMissong4	.01	transparent
CENMundabli2	NNBBuu3	53	red
CENMundabli2	NSFBiya5	.01	transparent
CENMundabli2	NUNMunken4	.01	transparent
CENMundabli2	NVBAbar7	.01	transparent
CENMundabli2	NVIAjumbu1	.01	transparent
CENMundabli2	TELKoshin4	.01	transparent
CENMundabli2	TNTMunken2	.01	transparent
CENMundabli2	WCANgun1	.01	transparent
CENMundabli2	ZKGKung1	14	purple
DNMMumfu2	DPJKoshin1	.01	transparent
DNMMumfu2	DPNFang13	.01	transparent
DNMMumfu2	ECLAbar8	.01	transparent
DNMMumfu2	ENBBiya1	.01	transparent
DNMMumfu2	FBCBiya8	.01	transparent
DNMMumfu2	ICNBiya2	.01	transparent
DNMMumfu2	JGYKoshin3	.01	transparent
DNMMumfu2	KBMNgun4	.01	transparent
DNMMumfu2	KCSKung3	13	purple
DNMMumfu2	KCYBuu2	38	red
DNMMumfu2	KDCAjumbu10	.01	transparent
DNMMumfu2	KDVFang1	.01	transparent
DNMMumfu2	KEMBuu1	43	red
DNMMumfu2	KFKMashi1	.01	transparent
DNMMumfu2	KHKFang12	.01	transparent
DNMMumfu2	KJSFang2	.01	transparent
DNMMumfu2	KMNAjumbu2	.01	transparent
DNMMumfu2	LFNMundabli1	30.0	grey75
DNMMumfu2	MCANgun3	.01	transparent
DNMMumfu2	MEAMumfu3	35.333333333333336	grey75
DNMMumfu2	MNJBuu4	44	red
DNMMumfu2	MRYKoshin2	.01	transparent
DNMMumfu2	NACAbar2	.01	transparent
DNMMumfu2	NCCMumfu4	35.0	grey75
DNMMumfu2	NCMMashi5	.01	transparent
DNMMumfu2	NDNMissong5	.01	transparent
DNMMumfu2	NEAMunken1	.01	transparent
DNMMumfu2	NEMAjumbu9	.01	transparent
DNMMumfu2	NFKBiya7	.01	transparent
DNMMumfu2	NGTMunken3	.01	transparent
DNMMumfu2	NINMundabli4	28.333333333333332	grey75
DNMMumfu2	NJNBiya6	.01	transparent
DNMMumfu2	NJSKung4	13	purple
DNMMumfu2	NMAAbar1	.01	transparent
DNMMumfu2	NMNMundabli3	29.0	grey75
DNMMumfu2	NMSMissong4	.01	transparent
DNMMumfu2	NNBBuu3	44	red
DNMMumfu2	NSFBiya5	.01	transparent
DNMMumfu2	NUNMunken4	.01	transparent
DNMMumfu2	NVBAbar7	.01	transparent
DNMMumfu2	NVIAjumbu1	.01	transparent
DNMMumfu2	TELKoshin4	.01	transparent
DNMMumfu2	TNTMunken2	.01	transparent
DNMMumfu2	WCANgun1	.01	transparent
DNMMumfu2	ZKGKung1	11	purple
DPJKoshin1	DPNFang13	.01	transparent
DPJKoshin1	ECLAbar8	.01	transparent
DPJKoshin1	ENBBiya1	.01	transparent
DPJKoshin1	FBCBiya8	.01	transparent
DPJKoshin1	ICNBiya2	.01	transparent
DPJKoshin1	JGYKoshin3	.01	transparent
DPJKoshin1	KBMNgun4	.01	transparent
DPJKoshin1	KCSKung3	.01	transparent
DPJKoshin1	KCYBuu2	.01	transparent
DPJKoshin1	KDCAjumbu10	.01	transparent
DPJKoshin1	KDVFang1	.01	transparent
DPJKoshin1	KEMBuu1	.01	transparent
DPJKoshin1	KFKMashi1	.01	transparent
DPJKoshin1	KHKFang12	.01	transparent
DPJKoshin1	KJSFang2	.01	transparent
DPJKoshin1	KMNAjumbu2	.01	transparent
DPJKoshin1	LFNMundabli1	.01	transparent
DPJKoshin1	MCANgun3	.01	transparent
DPJKoshin1	MEAMumfu3	.01	transparent
DPJKoshin1	MNJBuu4	.01	transparent
DPJKoshin1	MRYKoshin2	.01	transparent
DPJKoshin1	NACAbar2	.01	transparent
DPJKoshin1	NCCMumfu4	.01	transparent
DPJKoshin1	NCMMashi5	.01	transparent
DPJKoshin1	NDNMissong5	.01	transparent
DPJKoshin1	NEAMunken1	.01	transparent
DPJKoshin1	NEMAjumbu9	.01	transparent
DPJKoshin1	NFKBiya7	.01	transparent
DPJKoshin1	NGTMunken3	.01	transparent
DPJKoshin1	NINMundabli4	.01	transparent
DPJKoshin1	NJNBiya6	.01	transparent
DPJKoshin1	NJSKung4	.01	transparent
DPJKoshin1	NMAAbar1	.01	transparent
DPJKoshin1	NMNMundabli3	.01	transparent
DPJKoshin1	NMSMissong4	.01	transparent
DPJKoshin1	NNBBuu3	.01	transparent
DPJKoshin1	NSFBiya5	.01	transparent
DPJKoshin1	NUNMunken4	.01	transparent
DPJKoshin1	NVBAbar7	.01	transparent
DPJKoshin1	NVIAjumbu1	.01	transparent
DPJKoshin1	TELKoshin4	.01	transparent
DPJKoshin1	TNTMunken2	.01	transparent
DPJKoshin1	WCANgun1	.01	transparent
DPJKoshin1	ZKGKung1	.01	transparent
DPNFang13	ECLAbar8	.01	transparent
DPNFang13	ENBBiya1	.01	transparent
DPNFang13	FBCBiya8	.01	transparent
DPNFang13	ICNBiya2	.01	transparent
DPNFang13	JGYKoshin3	.01	transparent
DPNFang13	KBMNgun4	.01	transparent
DPNFang13	KCSKung3	.01	transparent
DPNFang13	KCYBuu2	.01	transparent
DPNFang13	KDCAjumbu10	.01	transparent
DPNFang13	KDVFang1	.01	transparent
DPNFang13	KEMBuu1	.01	transparent
DPNFang13	KFKMashi1	.01	transparent
DPNFang13	KHKFang12	.01	transparent
DPNFang13	KJSFang2	.01	transparent
DPNFang13	KMNAjumbu2	.01	transparent
DPNFang13	LFNMundabli1	.01	transparent
DPNFang13	MCANgun3	.01	transparent
DPNFang13	MEAMumfu3	.01	transparent
DPNFang13	MNJBuu4	.01	transparent
DPNFang13	MRYKoshin2	.01	transparent
DPNFang13	NACAbar2	.01	transparent
DPNFang13	NCCMumfu4	.01	transparent
DPNFang13	NCMMashi5	.01	transparent
DPNFang13	NDNMissong5	.01	transparent
DPNFang13	NEAMunken1	.01	transparent
DPNFang13	NEMAjumbu9	.01	transparent
DPNFang13	NFKBiya7	.01	transparent
DPNFang13	NGTMunken3	.01	transparent
DPNFang13	NINMundabli4	.01	transparent
DPNFang13	NJNBiya6	.01	transparent
DPNFang13	NJSKung4	.01	transparent
DPNFang13	NMAAbar1	.01	transparent
DPNFang13	NMNMundabli3	.01	transparent
DPNFang13	NMSMissong4	.01	transparent
DPNFang13	NNBBuu3	.01	transparent
DPNFang13	NSFBiya5	.01	transparent
DPNFang13	NUNMunken4	.01	transparent
DPNFang13	NVBAbar7	.01	transparent
DPNFang13	NVIAjumbu1	.01	transparent
DPNFang13	TELKoshin4	.01	transparent
DPNFang13	TNTMunken2	.01	transparent
DPNFang13	WCANgun1	.01	transparent
DPNFang13	ZKGKung1	.01	transparent
ECLAbar8	ENBBiya1	.01	transparent
ECLAbar8	FBCBiya8	.01	transparent
ECLAbar8	ICNBiya2	.01	transparent
ECLAbar8	JGYKoshin3	.01	transparent
ECLAbar8	KBMNgun4	.01	transparent
ECLAbar8	KCSKung3	.01	transparent
ECLAbar8	KCYBuu2	.01	transparent
ECLAbar8	KDCAjumbu10	.01	transparent
ECLAbar8	KDVFang1	.01	transparent
ECLAbar8	KEMBuu1	.01	transparent
ECLAbar8	KFKMashi1	.01	transparent
ECLAbar8	KHKFang12	.01	transparent
ECLAbar8	KJSFang2	.01	transparent
ECLAbar8	KMNAjumbu2	.01	transparent
ECLAbar8	LFNMundabli1	.01	transparent
ECLAbar8	MCANgun3	.01	transparent
ECLAbar8	MEAMumfu3	.01	transparent
ECLAbar8	MNJBuu4	.01	transparent
ECLAbar8	MRYKoshin2	.01	transparent
ECLAbar8	NACAbar2	.01	transparent
ECLAbar8	NCCMumfu4	.01	transparent
ECLAbar8	NCMMashi5	.01	transparent
ECLAbar8	NDNMissong5	.01	transparent
ECLAbar8	NEAMunken1	.01	transparent
ECLAbar8	NEMAjumbu9	.01	transparent
ECLAbar8	NFKBiya7	.01	transparent
ECLAbar8	NGTMunken3	.01	transparent
ECLAbar8	NINMundabli4	.01	transparent
ECLAbar8	NJNBiya6	.01	transparent
ECLAbar8	NJSKung4	.01	transparent
ECLAbar8	NMAAbar1	.01	transparent
ECLAbar8	NMNMundabli3	.01	transparent
ECLAbar8	NMSMissong4	.01	transparent
ECLAbar8	NNBBuu3	.01	transparent
ECLAbar8	NSFBiya5	.01	transparent
ECLAbar8	NUNMunken4	.01	transparent
ECLAbar8	NVBAbar7	.01	transparent
ECLAbar8	NVIAjumbu1	.01	transparent
ECLAbar8	TELKoshin4	.01	transparent
ECLAbar8	TNTMunken2	.01	transparent
ECLAbar8	WCANgun1	.01	transparent
ECLAbar8	ZKGKung1	.01	transparent
ENBBiya1	FBCBiya8	.01	transparent
ENBBiya1	ICNBiya2	.01	transparent
ENBBiya1	JGYKoshin3	.01	transparent
ENBBiya1	KBMNgun4	.01	transparent
ENBBiya1	KCSKung3	.01	transparent
ENBBiya1	KCYBuu2	.01	transparent
ENBBiya1	KDCAjumbu10	.01	transparent
ENBBiya1	KDVFang1	.01	transparent
ENBBiya1	KEMBuu1	.01	transparent
ENBBiya1	KFKMashi1	.01	transparent
ENBBiya1	KHKFang12	.01	transparent
ENBBiya1	KJSFang2	.01	transparent
ENBBiya1	KMNAjumbu2	.01	transparent
ENBBiya1	LFNMundabli1	.01	transparent
ENBBiya1	MCANgun3	.01	transparent
ENBBiya1	MEAMumfu3	.01	transparent
ENBBiya1	MNJBuu4	.01	transparent
ENBBiya1	MRYKoshin2	.01	transparent
ENBBiya1	NACAbar2	.01	transparent
ENBBiya1	NCCMumfu4	.01	transparent
ENBBiya1	NCMMashi5	.01	transparent
ENBBiya1	NDNMissong5	.01	transparent
ENBBiya1	NEAMunken1	.01	transparent
ENBBiya1	NEMAjumbu9	.01	transparent
ENBBiya1	NFKBiya7	.01	transparent
ENBBiya1	NGTMunken3	.01	transparent
ENBBiya1	NINMundabli4	.01	transparent
ENBBiya1	NJNBiya6	.01	transparent
ENBBiya1	NJSKung4	.01	transparent
ENBBiya1	NMAAbar1	.01	transparent
ENBBiya1	NMNMundabli3	.01	transparent
ENBBiya1	NMSMissong4	.01	transparent
ENBBiya1	NNBBuu3	.01	transparent
ENBBiya1	NSFBiya5	.01	transparent
ENBBiya1	NUNMunken4	.01	transparent
ENBBiya1	NVBAbar7	.01	transparent
ENBBiya1	NVIAjumbu1	.01	transparent
ENBBiya1	TELKoshin4	.01	transparent
ENBBiya1	TNTMunken2	.01	transparent
ENBBiya1	WCANgun1	.01	transparent
ENBBiya1	ZKGKung1	.01	transparent
FBCBiya8	ICNBiya2	.01	transparent
FBCBiya8	JGYKoshin3	.01	transparent
FBCBiya8	KBMNgun4	.01	transparent
FBCBiya8	KCSKung3	.01	transparent
FBCBiya8	KCYBuu2	.01	transparent
FBCBiya8	KDCAjumbu10	.01	transparent
FBCBiya8	KDVFang1	.01	transparent
FBCBiya8	KEMBuu1	.01	transparent
FBCBiya8	KFKMashi1	.01	transparent
FBCBiya8	KHKFang12	.01	transparent
FBCBiya8	KJSFang2	.01	transparent
FBCBiya8	KMNAjumbu2	.01	transparent
FBCBiya8	LFNMundabli1	.01	transparent
FBCBiya8	MCANgun3	.01	transparent
FBCBiya8	MEAMumfu3	.01	transparent
FBCBiya8	MNJBuu4	.01	transparent
FBCBiya8	MRYKoshin2	.01	transparent
FBCBiya8	NACAbar2	.01	transparent
FBCBiya8	NCCMumfu4	.01	transparent
FBCBiya8	NCMMashi5	.01	transparent
FBCBiya8	NDNMissong5	.01	transparent
FBCBiya8	NEAMunken1	.01	transparent
FBCBiya8	NEMAjumbu9	.01	transparent
FBCBiya8	NFKBiya7	.01	transparent
FBCBiya8	NGTMunken3	.01	transparent
FBCBiya8	NINMundabli4	.01	transparent
FBCBiya8	NJNBiya6	.01	transparent
FBCBiya8	NJSKung4	.01	transparent
FBCBiya8	NMAAbar1	.01	transparent
FBCBiya8	NMNMundabli3	.01	transparent
FBCBiya8	NMSMissong4	.01	transparent
FBCBiya8	NNBBuu3	.01	transparent
FBCBiya8	NSFBiya5	.01	transparent
FBCBiya8	NUNMunken4	.01	transparent
FBCBiya8	NVBAbar7	.01	transparent
FBCBiya8	NVIAjumbu1	.01	transparent
FBCBiya8	TELKoshin4	.01	transparent
FBCBiya8	TNTMunken2	.01	transparent
FBCBiya8	WCANgun1	.01	transparent
FBCBiya8	ZKGKung1	.01	transparent
ICNBiya2	JGYKoshin3	.01	transparent
ICNBiya2	KBMNgun4	.01	transparent
ICNBiya2	KCSKung3	.01	transparent
ICNBiya2	KCYBuu2	.01	transparent
ICNBiya2	KDCAjumbu10	.01	transparent
ICNBiya2	KDVFang1	.01	transparent
ICNBiya2	KEMBuu1	.01	transparent
ICNBiya2	KFKMashi1	.01	transparent
ICNBiya2	KHKFang12	.01	transparent
ICNBiya2	KJSFang2	.01	transparent
ICNBiya2	KMNAjumbu2	.01	transparent
ICNBiya2	LFNMundabli1	.01	transparent
ICNBiya2	MCANgun3	.01	transparent
ICNBiya2	MEAMumfu3	.01	transparent
ICNBiya2	MNJBuu4	.01	transparent
ICNBiya2	MRYKoshin2	.01	transparent
ICNBiya2	NACAbar2	.01	transparent
ICNBiya2	NCCMumfu4	.01	transparent
ICNBiya2	NCMMashi5	.01	transparent
ICNBiya2	NDNMissong5	.01	transparent
ICNBiya2	NEAMunken1	.01	transparent
ICNBiya2	NEMAjumbu9	.01	transparent
ICNBiya2	NFKBiya7	.01	transparent
ICNBiya2	NGTMunken3	.01	transparent
ICNBiya2	NINMundabli4	.01	transparent
ICNBiya2	NJNBiya6	.01	transparent
ICNBiya2	NJSKung4	.01	transparent
ICNBiya2	NMAAbar1	.01	transparent
ICNBiya2	NMNMundabli3	.01	transparent
ICNBiya2	NMSMissong4	.01	transparent
ICNBiya2	NNBBuu3	.01	transparent
ICNBiya2	NSFBiya5	.01	transparent
ICNBiya2	NUNMunken4	.01	transparent
ICNBiya2	NVBAbar7	.01	transparent
ICNBiya2	NVIAjumbu1	.01	transparent
ICNBiya2	TELKoshin4	.01	transparent
ICNBiya2	TNTMunken2	.01	transparent
ICNBiya2	WCANgun1	.01	transparent
ICNBiya2	ZKGKung1	.01	transparent
JGYKoshin3	KBMNgun4	.01	transparent
JGYKoshin3	KCSKung3	.01	transparent
JGYKoshin3	KCYBuu2	.01	transparent
JGYKoshin3	KDCAjumbu10	.01	transparent
JGYKoshin3	KDVFang1	.01	transparent
JGYKoshin3	KEMBuu1	.01	transparent
JGYKoshin3	KFKMashi1	.01	transparent
JGYKoshin3	KHKFang12	.01	transparent
JGYKoshin3	KJSFang2	.01	transparent
JGYKoshin3	KMNAjumbu2	.01	transparent
JGYKoshin3	LFNMundabli1	.01	transparent
JGYKoshin3	MCANgun3	.01	transparent
JGYKoshin3	MEAMumfu3	.01	transparent
JGYKoshin3	MNJBuu4	.01	transparent
JGYKoshin3	MRYKoshin2	.01	transparent
JGYKoshin3	NACAbar2	.01	transparent
JGYKoshin3	NCCMumfu4	.01	transparent
JGYKoshin3	NCMMashi5	.01	transparent
JGYKoshin3	NDNMissong5	.01	transparent
JGYKoshin3	NEAMunken1	.01	transparent
JGYKoshin3	NEMAjumbu9	.01	transparent
JGYKoshin3	NFKBiya7	.01	transparent
JGYKoshin3	NGTMunken3	.01	transparent
JGYKoshin3	NINMundabli4	.01	transparent
JGYKoshin3	NJNBiya6	.01	transparent
JGYKoshin3	NJSKung4	.01	transparent
JGYKoshin3	NMAAbar1	.01	transparent
JGYKoshin3	NMNMundabli3	.01	transparent
JGYKoshin3	NMSMissong4	.01	transparent
JGYKoshin3	NNBBuu3	.01	transparent
JGYKoshin3	NSFBiya5	.01	transparent
JGYKoshin3	NUNMunken4	.01	transparent
JGYKoshin3	NVBAbar7	.01	transparent
JGYKoshin3	NVIAjumbu1	.01	transparent
JGYKoshin3	TELKoshin4	.01	transparent
JGYKoshin3	TNTMunken2	.01	transparent
JGYKoshin3	WCANgun1	.01	transparent
JGYKoshin3	ZKGKung1	.01	transparent
KBMNgun4	KCSKung3	.01	transparent
KBMNgun4	KCYBuu2	.01	transparent
KBMNgun4	KDCAjumbu10	.01	transparent
KBMNgun4	KDVFang1	.01	transparent
KBMNgun4	KEMBuu1	.01	transparent
KBMNgun4	KFKMashi1	.01	transparent
KBMNgun4	KHKFang12	.01	transparent
KBMNgun4	KJSFang2	.01	transparent
KBMNgun4	KMNAjumbu2	.01	transparent
KBMNgun4	LFNMundabli1	.01	transparent
KBMNgun4	MCANgun3	.01	transparent
KBMNgun4	MEAMumfu3	.01	transparent
KBMNgun4	MNJBuu4	.01	transparent
KBMNgun4	MRYKoshin2	.01	transparent
KBMNgun4	NACAbar2	.01	transparent
KBMNgun4	NCCMumfu4	.01	transparent
KBMNgun4	NCMMashi5	.01	transparent
KBMNgun4	NDNMissong5	.01	transparent
KBMNgun4	NEAMunken1	.01	transparent
KBMNgun4	NEMAjumbu9	.01	transparent
KBMNgun4	NFKBiya7	.01	transparent
KBMNgun4	NGTMunken3	.01	transparent
KBMNgun4	NINMundabli4	.01	transparent
KBMNgun4	NJNBiya6	.01	transparent
KBMNgun4	NJSKung4	.01	transparent
KBMNgun4	NMAAbar1	.01	transparent
KBMNgun4	NMNMundabli3	.01	transparent
KBMNgun4	NMSMissong4	.01	transparent
KBMNgun4	NNBBuu3	.01	transparent
KBMNgun4	NSFBiya5	.01	transparent
KBMNgun4	NUNMunken4	.01	transparent
KBMNgun4	NVBAbar7	.01	transparent
KBMNgun4	NVIAjumbu1	.01	transparent
KBMNgun4	TELKoshin4	.01	transparent
KBMNgun4	TNTMunken2	.01	transparent
KBMNgun4	WCANgun1	.01	transparent
KBMNgun4	ZKGKung1	.01	transparent
KCSKung3	KCYBuu2	28	blue
KCSKung3	KDCAjumbu10	.01	transparent
KCSKung3	KDVFang1	.01	transparent
KCSKung3	KEMBuu1	26	blue
KCSKung3	KFKMashi1	.01	transparent
KCSKung3	KHKFang12	.01	transparent
KCSKung3	KJSFang2	.01	transparent
KCSKung3	KMNAjumbu2	.01	transparent
KCSKung3	LFNMundabli1	17	purple
KCSKung3	MCANgun3	.01	transparent
KCSKung3	MEAMumfu3	14	purple
KCSKung3	MNJBuu4	30	blue
KCSKung3	MRYKoshin2	.01	transparent
KCSKung3	NACAbar2	.01	transparent
KCSKung3	NCCMumfu4	15	purple
KCSKung3	NCMMashi5	.01	transparent
KCSKung3	NDNMissong5	.01	transparent
KCSKung3	NEAMunken1	.01	transparent
KCSKung3	NEMAjumbu9	.01	transparent
KCSKung3	NFKBiya7	.01	transparent
KCSKung3	NGTMunken3	.01	transparent
KCSKung3	NINMundabli4	18	purple
KCSKung3	NJNBiya6	.01	transparent
KCSKung3	NJSKung4	40.0	grey75
KCSKung3	NMAAbar1	.01	transparent
KCSKung3	NMNMundabli3	15	purple
KCSKung3	NMSMissong4	.01	transparent
KCSKung3	NNBBuu3	32	blue
KCSKung3	NSFBiya5	.01	transparent
KCSKung3	NUNMunken4	.01	transparent
KCSKung3	NVBAbar7	.01	transparent
KCSKung3	NVIAjumbu1	.01	transparent
KCSKung3	TELKoshin4	.01	transparent
KCSKung3	TNTMunken2	.01	transparent
KCSKung3	WCANgun1	.01	transparent
KCSKung3	ZKGKung1	27.333333333333332	grey75
KCYBuu2	KDCAjumbu10	.01	transparent
KCYBuu2	KDVFang1	.01	transparent
KCYBuu2	KEMBuu1	36.333333333333336	grey75
KCYBuu2	KFKMashi1	.01	transparent
KCYBuu2	KHKFang12	.01	transparent
KCYBuu2	KJSFang2	.01	transparent
KCYBuu2	KMNAjumbu2	.01	transparent
KCYBuu2	LFNMundabli1	45	red
KCYBuu2	MCANgun3	.01	transparent
KCYBuu2	MEAMumfu3	40	red
KCYBuu2	MNJBuu4	34.0	grey75
KCYBuu2	MRYKoshin2	.01	transparent
KCYBuu2	NACAbar2	.01	transparent
KCYBuu2	NCCMumfu4	40	red
KCYBuu2	NCMMashi5	.01	transparent
KCYBuu2	NDNMissong5	.01	transparent
KCYBuu2	NEAMunken1	.01	transparent
KCYBuu2	NEMAjumbu9	.01	transparent
KCYBuu2	NFKBiya7	.01	transparent
KCYBuu2	NGTMunken3	.01	transparent
KCYBuu2	NINMundabli4	45	red
KCYBuu2	NJNBiya6	.01	transparent
KCYBuu2	NJSKung4	27	blue
KCYBuu2	NMAAbar1	.01	transparent
KCYBuu2	NMNMundabli3	46	red
KCYBuu2	NMSMissong4	.01	transparent
KCYBuu2	NNBBuu3	35.0	grey75
KCYBuu2	NSFBiya5	.01	transparent
KCYBuu2	NUNMunken4	.01	transparent
KCYBuu2	NVBAbar7	.01	transparent
KCYBuu2	NVIAjumbu1	.01	transparent
KCYBuu2	TELKoshin4	.01	transparent
KCYBuu2	TNTMunken2	.01	transparent
KCYBuu2	WCANgun1	.01	transparent
KCYBuu2	ZKGKung1	22	blue
KDCAjumbu10	KDVFang1	.01	transparent
KDCAjumbu10	KEMBuu1	.01	transparent
KDCAjumbu10	KFKMashi1	.01	transparent
KDCAjumbu10	KHKFang12	.01	transparent
KDCAjumbu10	KJSFang2	.01	transparent
KDCAjumbu10	KMNAjumbu2	.01	transparent
KDCAjumbu10	LFNMundabli1	.01	transparent
KDCAjumbu10	MCANgun3	.01	transparent
KDCAjumbu10	MEAMumfu3	.01	transparent
KDCAjumbu10	MNJBuu4	.01	transparent
KDCAjumbu10	MRYKoshin2	.01	transparent
KDCAjumbu10	NACAbar2	.01	transparent
KDCAjumbu10	NCCMumfu4	.01	transparent
KDCAjumbu10	NCMMashi5	.01	transparent
KDCAjumbu10	NDNMissong5	.01	transparent
KDCAjumbu10	NEAMunken1	.01	transparent
KDCAjumbu10	NEMAjumbu9	.01	transparent
KDCAjumbu10	NFKBiya7	.01	transparent
KDCAjumbu10	NGTMunken3	.01	transparent
KDCAjumbu10	NINMundabli4	.01	transparent
KDCAjumbu10	NJNBiya6	.01	transparent
KDCAjumbu10	NJSKung4	.01	transparent
KDCAjumbu10	NMAAbar1	.01	transparent
KDCAjumbu10	NMNMundabli3	.01	transparent
KDCAjumbu10	NMSMissong4	.01	transparent
KDCAjumbu10	NNBBuu3	.01	transparent
KDCAjumbu10	NSFBiya5	.01	transparent
KDCAjumbu10	NUNMunken4	.01	transparent
KDCAjumbu10	NVBAbar7	.01	transparent
KDCAjumbu10	NVIAjumbu1	.01	transparent
KDCAjumbu10	TELKoshin4	.01	transparent
KDCAjumbu10	TNTMunken2	.01	transparent
KDCAjumbu10	WCANgun1	.01	transparent
KDCAjumbu10	ZKGKung1	.01	transparent
KDVFang1	KEMBuu1	.01	transparent
KDVFang1	KFKMashi1	.01	transparent
KDVFang1	KHKFang12	.01	transparent
KDVFang1	KJSFang2	.01	transparent
KDVFang1	KMNAjumbu2	.01	transparent
KDVFang1	LFNMundabli1	.01	transparent
KDVFang1	MCANgun3	.01	transparent
KDVFang1	MEAMumfu3	.01	transparent
KDVFang1	MNJBuu4	.01	transparent
KDVFang1	MRYKoshin2	.01	transparent
KDVFang1	NACAbar2	.01	transparent
KDVFang1	NCCMumfu4	.01	transparent
KDVFang1	NCMMashi5	.01	transparent
KDVFang1	NDNMissong5	.01	transparent
KDVFang1	NEAMunken1	.01	transparent
KDVFang1	NEMAjumbu9	.01	transparent
KDVFang1	NFKBiya7	.01	transparent
KDVFang1	NGTMunken3	.01	transparent
KDVFang1	NINMundabli4	.01	transparent
KDVFang1	NJNBiya6	.01	transparent
KDVFang1	NJSKung4	.01	transparent
KDVFang1	NMAAbar1	.01	transparent
KDVFang1	NMNMundabli3	.01	transparent
KDVFang1	NMSMissong4	.01	transparent
KDVFang1	NNBBuu3	.01	transparent
KDVFang1	NSFBiya5	.01	transparent
KDVFang1	NUNMunken4	.01	transparent
KDVFang1	NVBAbar7	.01	transparent
KDVFang1	NVIAjumbu1	.01	transparent
KDVFang1	TELKoshin4	.01	transparent
KDVFang1	TNTMunken2	.01	transparent
KDVFang1	WCANgun1	.01	transparent
KDVFang1	ZKGKung1	.01	transparent
KEMBuu1	KFKMashi1	.01	transparent
KEMBuu1	KHKFang12	.01	transparent
KEMBuu1	KJSFang2	.01	transparent
KEMBuu1	KMNAjumbu2	.01	transparent
KEMBuu1	LFNMundabli1	49	red
KEMBuu1	MCANgun3	.01	transparent
KEMBuu1	MEAMumfu3	44	red
KEMBuu1	MNJBuu4	35.0	grey75
KEMBuu1	MRYKoshin2	.01	transparent
KEMBuu1	NACAbar2	.01	transparent
KEMBuu1	NCCMumfu4	46	red
KEMBuu1	NCMMashi5	.01	transparent
KEMBuu1	NDNMissong5	.01	transparent
KEMBuu1	NEAMunken1	.01	transparent
KEMBuu1	NEMAjumbu9	.01	transparent
KEMBuu1	NFKBiya7	.01	transparent
KEMBuu1	NGTMunken3	.01	transparent
KEMBuu1	NINMundabli4	47	red
KEMBuu1	NJNBiya6	.01	transparent
KEMBuu1	NJSKung4	27	blue
KEMBuu1	NMAAbar1	.01	transparent
KEMBuu1	NMNMundabli3	47	red
KEMBuu1	NMSMissong4	.01	transparent
KEMBuu1	NNBBuu3	34.666666666666664	grey75
KEMBuu1	NSFBiya5	.01	transparent
KEMBuu1	NUNMunken4	.01	transparent
KEMBuu1	NVBAbar7	.01	transparent
KEMBuu1	NVIAjumbu1	.01	transparent
KEMBuu1	TELKoshin4	.01	transparent
KEMBuu1	TNTMunken2	.01	transparent
KEMBuu1	WCANgun1	.01	transparent
KEMBuu1	ZKGKung1	22	blue
KFKMashi1	KHKFang12	.01	transparent
KFKMashi1	KJSFang2	.01	transparent
KFKMashi1	KMNAjumbu2	.01	transparent
KFKMashi1	LFNMundabli1	.01	transparent
KFKMashi1	MCANgun3	.01	transparent
KFKMashi1	MEAMumfu3	.01	transparent
KFKMashi1	MNJBuu4	.01	transparent
KFKMashi1	MRYKoshin2	.01	transparent
KFKMashi1	NACAbar2	.01	transparent
KFKMashi1	NCCMumfu4	.01	transparent
KFKMashi1	NCMMashi5	.01	transparent
KFKMashi1	NDNMissong5	.01	transparent
KFKMashi1	NEAMunken1	.01	transparent
KFKMashi1	NEMAjumbu9	.01	transparent
KFKMashi1	NFKBiya7	.01	transparent
KFKMashi1	NGTMunken3	.01	transparent
KFKMashi1	NINMundabli4	.01	transparent
KFKMashi1	NJNBiya6	.01	transparent
KFKMashi1	NJSKung4	.01	transparent
KFKMashi1	NMAAbar1	.01	transparent
KFKMashi1	NMNMundabli3	.01	transparent
KFKMashi1	NMSMissong4	.01	transparent
KFKMashi1	NNBBuu3	.01	transparent
KFKMashi1	NSFBiya5	.01	transparent
KFKMashi1	NUNMunken4	.01	transparent
KFKMashi1	NVBAbar7	.01	transparent
KFKMashi1	NVIAjumbu1	.01	transparent
KFKMashi1	TELKoshin4	.01	transparent
KFKMashi1	TNTMunken2	.01	transparent
KFKMashi1	WCANgun1	.01	transparent
KFKMashi1	ZKGKung1	.01	transparent
KHKFang12	KJSFang2	.01	transparent
KHKFang12	KMNAjumbu2	.01	transparent
KHKFang12	LFNMundabli1	.01	transparent
KHKFang12	MCANgun3	.01	transparent
KHKFang12	MEAMumfu3	.01	transparent
KHKFang12	MNJBuu4	.01	transparent
KHKFang12	MRYKoshin2	.01	transparent
KHKFang12	NACAbar2	.01	transparent
KHKFang12	NCCMumfu4	.01	transparent
KHKFang12	NCMMashi5	.01	transparent
KHKFang12	NDNMissong5	.01	transparent
KHKFang12	NEAMunken1	.01	transparent
KHKFang12	NEMAjumbu9	.01	transparent
KHKFang12	NFKBiya7	.01	transparent
KHKFang12	NGTMunken3	.01	transparent
KHKFang12	NINMundabli4	.01	transparent
KHKFang12	NJNBiya6	.01	transparent
KHKFang12	NJSKung4	.01	transparent
KHKFang12	NMAAbar1	.01	transparent
KHKFang12	NMNMundabli3	.01	transparent
KHKFang12	NMSMissong4	.01	transparent
KHKFang12	NNBBuu3	.01	transparent
KHKFang12	NSFBiya5	.01	transparent
KHKFang12	NUNMunken4	.01	transparent
KHKFang12	NVBAbar7	.01	transparent
KHKFang12	NVIAjumbu1	.01	transparent
KHKFang12	TELKoshin4	.01	transparent
KHKFang12	TNTMunken2	.01	transparent
KHKFang12	WCANgun1	.01	transparent
KHKFang12	ZKGKung1	.01	transparent
KJSFang2	KMNAjumbu2	.01	transparent
KJSFang2	LFNMundabli1	.01	transparent
KJSFang2	MCANgun3	.01	transparent
KJSFang2	MEAMumfu3	.01	transparent
KJSFang2	MNJBuu4	.01	transparent
KJSFang2	MRYKoshin2	.01	transparent
KJSFang2	NACAbar2	.01	transparent
KJSFang2	NCCMumfu4	.01	transparent
KJSFang2	NCMMashi5	.01	transparent
KJSFang2	NDNMissong5	.01	transparent
KJSFang2	NEAMunken1	.01	transparent
KJSFang2	NEMAjumbu9	.01	transparent
KJSFang2	NFKBiya7	.01	transparent
KJSFang2	NGTMunken3	.01	transparent
KJSFang2	NINMundabli4	.01	transparent
KJSFang2	NJNBiya6	.01	transparent
KJSFang2	NJSKung4	.01	transparent
KJSFang2	NMAAbar1	.01	transparent
KJSFang2	NMNMundabli3	.01	transparent
KJSFang2	NMSMissong4	.01	transparent
KJSFang2	NNBBuu3	.01	transparent
KJSFang2	NSFBiya5	.01	transparent
KJSFang2	NUNMunken4	.01	transparent
KJSFang2	NVBAbar7	.01	transparent
KJSFang2	NVIAjumbu1	.01	transparent
KJSFang2	TELKoshin4	.01	transparent
KJSFang2	TNTMunken2	.01	transparent
KJSFang2	WCANgun1	.01	transparent
KJSFang2	ZKGKung1	.01	transparent
KMNAjumbu2	LFNMundabli1	.01	transparent
KMNAjumbu2	MCANgun3	.01	transparent
KMNAjumbu2	MEAMumfu3	.01	transparent
KMNAjumbu2	MNJBuu4	.01	transparent
KMNAjumbu2	MRYKoshin2	.01	transparent
KMNAjumbu2	NACAbar2	.01	transparent
KMNAjumbu2	NCCMumfu4	.01	transparent
KMNAjumbu2	NCMMashi5	.01	transparent
KMNAjumbu2	NDNMissong5	.01	transparent
KMNAjumbu2	NEAMunken1	.01	transparent
KMNAjumbu2	NEMAjumbu9	.01	transparent
KMNAjumbu2	NFKBiya7	.01	transparent
KMNAjumbu2	NGTMunken3	.01	transparent
KMNAjumbu2	NINMundabli4	.01	transparent
KMNAjumbu2	NJNBiya6	.01	transparent
KMNAjumbu2	NJSKung4	.01	transparent
KMNAjumbu2	NMAAbar1	.01	transparent
KMNAjumbu2	NMNMundabli3	.01	transparent
KMNAjumbu2	NMSMissong4	.01	transparent
KMNAjumbu2	NNBBuu3	.01	transparent
KMNAjumbu2	NSFBiya5	.01	transparent
KMNAjumbu2	NUNMunken4	.01	transparent
KMNAjumbu2	NVBAbar7	.01	transparent
KMNAjumbu2	NVIAjumbu1	.01	transparent
KMNAjumbu2	TELKoshin4	.01	transparent
KMNAjumbu2	TNTMunken2	.01	transparent
KMNAjumbu2	WCANgun1	.01	transparent
KMNAjumbu2	ZKGKung1	.01	transparent
LFNMundabli1	MCANgun3	.01	transparent
LFNMundabli1	MEAMumfu3	33.0	grey75
LFNMundabli1	MNJBuu4	49	red
LFNMundabli1	MRYKoshin2	.01	transparent
LFNMundabli1	NACAbar2	.01	transparent
LFNMundabli1	NCCMumfu4	31.0	grey75
LFNMundabli1	NCMMashi5	.01	transparent
LFNMundabli1	NDNMissong5	.01	transparent
LFNMundabli1	NEAMunken1	.01	transparent
LFNMundabli1	NEMAjumbu9	.01	transparent
LFNMundabli1	NFKBiya7	.01	transparent
LFNMundabli1	NGTMunken3	.01	transparent
LFNMundabli1	NINMundabli4	37.333333333333336	grey75
LFNMundabli1	NJNBiya6	.01	transparent
LFNMundabli1	NJSKung4	16	purple
LFNMundabli1	NMAAbar1	.01	transparent
LFNMundabli1	NMNMundabli3	36.333333333333336	grey75
LFNMundabli1	NMSMissong4	.01	transparent
LFNMundabli1	NNBBuu3	49	red
LFNMundabli1	NSFBiya5	.01	transparent
LFNMundabli1	NUNMunken4	.01	transparent
LFNMundabli1	NVBAbar7	.01	transparent
LFNMundabli1	NVIAjumbu1	.01	transparent
LFNMundabli1	TELKoshin4	.01	transparent
LFNMundabli1	TNTMunken2	.01	transparent
LFNMundabli1	WCANgun1	.01	transparent
LFNMundabli1	ZKGKung1	13	purple
MCANgun3	MEAMumfu3	.01	transparent
MCANgun3	MNJBuu4	.01	transparent
MCANgun3	MRYKoshin2	.01	transparent
MCANgun3	NACAbar2	.01	transparent
MCANgun3	NCCMumfu4	.01	transparent
MCANgun3	NCMMashi5	.01	transparent
MCANgun3	NDNMissong5	.01	transparent
MCANgun3	NEAMunken1	.01	transparent
MCANgun3	NEMAjumbu9	.01	transparent
MCANgun3	NFKBiya7	.01	transparent
MCANgun3	NGTMunken3	.01	transparent
MCANgun3	NINMundabli4	.01	transparent
MCANgun3	NJNBiya6	.01	transparent
MCANgun3	NJSKung4	.01	transparent
MCANgun3	NMAAbar1	.01	transparent
MCANgun3	NMNMundabli3	.01	transparent
MCANgun3	NMSMissong4	.01	transparent
MCANgun3	NNBBuu3	.01	transparent
MCANgun3	NSFBiya5	.01	transparent
MCANgun3	NUNMunken4	.01	transparent
MCANgun3	NVBAbar7	.01	transparent
MCANgun3	NVIAjumbu1	.01	transparent
MCANgun3	TELKoshin4	.01	transparent
MCANgun3	TNTMunken2	.01	transparent
MCANgun3	WCANgun1	.01	transparent
MCANgun3	ZKGKung1	.01	transparent
MEAMumfu3	MNJBuu4	48	red
MEAMumfu3	MRYKoshin2	.01	transparent
MEAMumfu3	NACAbar2	.01	transparent
MEAMumfu3	NCCMumfu4	37.666666666666664	grey75
MEAMumfu3	NCMMashi5	.01	transparent
MEAMumfu3	NDNMissong5	.01	transparent
MEAMumfu3	NEAMunken1	.01	transparent
MEAMumfu3	NEMAjumbu9	.01	transparent
MEAMumfu3	NFKBiya7	.01	transparent
MEAMumfu3	NGTMunken3	.01	transparent
MEAMumfu3	NINMundabli4	31.666666666666668	grey75
MEAMumfu3	NJNBiya6	.01	transparent
MEAMumfu3	NJSKung4	14	purple
MEAMumfu3	NMAAbar1	.01	transparent
MEAMumfu3	NMNMundabli3	32.333333333333336	grey75
MEAMumfu3	NMSMissong4	.01	transparent
MEAMumfu3	NNBBuu3	47	red
MEAMumfu3	NSFBiya5	.01	transparent
MEAMumfu3	NUNMunken4	.01	transparent
MEAMumfu3	NVBAbar7	.01	transparent
MEAMumfu3	NVIAjumbu1	.01	transparent
MEAMumfu3	TELKoshin4	.01	transparent
MEAMumfu3	TNTMunken2	.01	transparent
MEAMumfu3	WCANgun1	.01	transparent
MEAMumfu3	ZKGKung1	12	purple
MNJBuu4	MRYKoshin2	.01	transparent
MNJBuu4	NACAbar2	.01	transparent
MNJBuu4	NCCMumfu4	53	red
MNJBuu4	NCMMashi5	.01	transparent
MNJBuu4	NDNMissong5	.01	transparent
MNJBuu4	NEAMunken1	.01	transparent
MNJBuu4	NEMAjumbu9	.01	transparent
MNJBuu4	NFKBiya7	.01	transparent
MNJBuu4	NGTMunken3	.01	transparent
MNJBuu4	NINMundabli4	48	red
MNJBuu4	NJNBiya6	.01	transparent
MNJBuu4	NJSKung4	34	blue
MNJBuu4	NMAAbar1	.01	transparent
MNJBuu4	NMNMundabli3	55	red
MNJBuu4	NMSMissong4	.01	transparent
MNJBuu4	NNBBuu3	40.333333333333336	grey75
MNJBuu4	NSFBiya5	.01	transparent
MNJBuu4	NUNMunken4	.01	transparent
MNJBuu4	NVBAbar7	.01	transparent
MNJBuu4	NVIAjumbu1	.01	transparent
MNJBuu4	TELKoshin4	.01	transparent
MNJBuu4	TNTMunken2	.01	transparent
MNJBuu4	WCANgun1	.01	transparent
MNJBuu4	ZKGKung1	27	blue
MRYKoshin2	NACAbar2	.01	transparent
MRYKoshin2	NCCMumfu4	.01	transparent
MRYKoshin2	NCMMashi5	.01	transparent
MRYKoshin2	NDNMissong5	.01	transparent
MRYKoshin2	NEAMunken1	.01	transparent
MRYKoshin2	NEMAjumbu9	.01	transparent
MRYKoshin2	NFKBiya7	.01	transparent
MRYKoshin2	NGTMunken3	.01	transparent
MRYKoshin2	NINMundabli4	.01	transparent
MRYKoshin2	NJNBiya6	.01	transparent
MRYKoshin2	NJSKung4	.01	transparent
MRYKoshin2	NMAAbar1	.01	transparent
MRYKoshin2	NMNMundabli3	.01	transparent
MRYKoshin2	NMSMissong4	.01	transparent
MRYKoshin2	NNBBuu3	.01	transparent
MRYKoshin2	NSFBiya5	.01	transparent
MRYKoshin2	NUNMunken4	.01	transparent
MRYKoshin2	NVBAbar7	.01	transparent
MRYKoshin2	NVIAjumbu1	.01	transparent
MRYKoshin2	TELKoshin4	.01	transparent
MRYKoshin2	TNTMunken2	.01	transparent
MRYKoshin2	WCANgun1	.01	transparent
MRYKoshin2	ZKGKung1	.01	transparent
NACAbar2	NCCMumfu4	.01	transparent
NACAbar2	NCMMashi5	.01	transparent
NACAbar2	NDNMissong5	.01	transparent
NACAbar2	NEAMunken1	.01	transparent
NACAbar2	NEMAjumbu9	.01	transparent
NACAbar2	NFKBiya7	.01	transparent
NACAbar2	NGTMunken3	.01	transparent
NACAbar2	NINMundabli4	.01	transparent
NACAbar2	NJNBiya6	.01	transparent
NACAbar2	NJSKung4	.01	transparent
NACAbar2	NMAAbar1	.01	transparent
NACAbar2	NMNMundabli3	.01	transparent
NACAbar2	NMSMissong4	.01	transparent
NACAbar2	NNBBuu3	.01	transparent
NACAbar2	NSFBiya5	.01	transparent
NACAbar2	NUNMunken4	.01	transparent
NACAbar2	NVBAbar7	.01	transparent
NACAbar2	NVIAjumbu1	.01	transparent
NACAbar2	TELKoshin4	.01	transparent
NACAbar2	TNTMunken2	.01	transparent
NACAbar2	WCANgun1	.01	transparent
NACAbar2	ZKGKung1	.01	transparent
NCCMumfu4	NCMMashi5	.01	transparent
NCCMumfu4	NDNMissong5	.01	transparent
NCCMumfu4	NEAMunken1	.01	transparent
NCCMumfu4	NEMAjumbu9	.01	transparent
NCCMumfu4	NFKBiya7	.01	transparent
NCCMumfu4	NGTMunken3	.01	transparent
NCCMumfu4	NINMundabli4	30.666666666666668	grey75
NCCMumfu4	NJNBiya6	.01	transparent
NCCMumfu4	NJSKung4	15	purple
NCCMumfu4	NMAAbar1	.01	transparent
NCCMumfu4	NMNMundabli3	32.0	grey75
NCCMumfu4	NMSMissong4	.01	transparent
NCCMumfu4	NNBBuu3	53	red
NCCMumfu4	NSFBiya5	.01	transparent
NCCMumfu4	NUNMunken4	.01	transparent
NCCMumfu4	NVBAbar7	.01	transparent
NCCMumfu4	NVIAjumbu1	.01	transparent
NCCMumfu4	TELKoshin4	.01	transparent
NCCMumfu4	TNTMunken2	.01	transparent
NCCMumfu4	WCANgun1	.01	transparent
NCCMumfu4	ZKGKung1	12	purple
NCMMashi5	NDNMissong5	.01	transparent
NCMMashi5	NEAMunken1	.01	transparent
NCMMashi5	NEMAjumbu9	.01	transparent
NCMMashi5	NFKBiya7	.01	transparent
NCMMashi5	NGTMunken3	.01	transparent
NCMMashi5	NINMundabli4	.01	transparent
NCMMashi5	NJNBiya6	.01	transparent
NCMMashi5	NJSKung4	.01	transparent
NCMMashi5	NMAAbar1	.01	transparent
NCMMashi5	NMNMundabli3	.01	transparent
NCMMashi5	NMSMissong4	.01	transparent
NCMMashi5	NNBBuu3	.01	transparent
NCMMashi5	NSFBiya5	.01	transparent
NCMMashi5	NUNMunken4	.01	transparent
NCMMashi5	NVBAbar7	.01	transparent
NCMMashi5	NVIAjumbu1	.01	transparent
NCMMashi5	TELKoshin4	.01	transparent
NCMMashi5	TNTMunken2	.01	transparent
NCMMashi5	WCANgun1	.01	transparent
NCMMashi5	ZKGKung1	.01	transparent
NDNMissong5	NEAMunken1	.01	transparent
NDNMissong5	NEMAjumbu9	.01	transparent
NDNMissong5	NFKBiya7	.01	transparent
NDNMissong5	NGTMunken3	.01	transparent
NDNMissong5	NINMundabli4	.01	transparent
NDNMissong5	NJNBiya6	.01	transparent
NDNMissong5	NJSKung4	.01	transparent
NDNMissong5	NMAAbar1	.01	transparent
NDNMissong5	NMNMundabli3	.01	transparent
NDNMissong5	NMSMissong4	.01	transparent
NDNMissong5	NNBBuu3	.01	transparent
NDNMissong5	NSFBiya5	.01	transparent
NDNMissong5	NUNMunken4	.01	transparent
NDNMissong5	NVBAbar7	.01	transparent
NDNMissong5	NVIAjumbu1	.01	transparent
NDNMissong5	TELKoshin4	.01	transparent
NDNMissong5	TNTMunken2	.01	transparent
NDNMissong5	WCANgun1	.01	transparent
NDNMissong5	ZKGKung1	.01	transparent
NEAMunken1	NEMAjumbu9	.01	transparent
NEAMunken1	NFKBiya7	.01	transparent
NEAMunken1	NGTMunken3	.01	transparent
NEAMunken1	NINMundabli4	.01	transparent
NEAMunken1	NJNBiya6	.01	transparent
NEAMunken1	NJSKung4	.01	transparent
NEAMunken1	NMAAbar1	.01	transparent
NEAMunken1	NMNMundabli3	.01	transparent
NEAMunken1	NMSMissong4	.01	transparent
NEAMunken1	NNBBuu3	.01	transparent
NEAMunken1	NSFBiya5	.01	transparent
NEAMunken1	NUNMunken4	.01	transparent
NEAMunken1	NVBAbar7	.01	transparent
NEAMunken1	NVIAjumbu1	.01	transparent
NEAMunken1	TELKoshin4	.01	transparent
NEAMunken1	TNTMunken2	.01	transparent
NEAMunken1	WCANgun1	.01	transparent
NEAMunken1	ZKGKung1	.01	transparent
NEMAjumbu9	NFKBiya7	.01	transparent
NEMAjumbu9	NGTMunken3	.01	transparent
NEMAjumbu9	NINMundabli4	.01	transparent
NEMAjumbu9	NJNBiya6	.01	transparent
NEMAjumbu9	NJSKung4	.01	transparent
NEMAjumbu9	NMAAbar1	.01	transparent
NEMAjumbu9	NMNMundabli3	.01	transparent
NEMAjumbu9	NMSMissong4	.01	transparent
NEMAjumbu9	NNBBuu3	.01	transparent
NEMAjumbu9	NSFBiya5	.01	transparent
NEMAjumbu9	NUNMunken4	.01	transparent
NEMAjumbu9	NVBAbar7	.01	transparent
NEMAjumbu9	NVIAjumbu1	.01	transparent
NEMAjumbu9	TELKoshin4	.01	transparent
NEMAjumbu9	TNTMunken2	.01	transparent
NEMAjumbu9	WCANgun1	.01	transparent
NEMAjumbu9	ZKGKung1	.01	transparent
NFKBiya7	NGTMunken3	.01	transparent
NFKBiya7	NINMundabli4	.01	transparent
NFKBiya7	NJNBiya6	.01	transparent
NFKBiya7	NJSKung4	.01	transparent
NFKBiya7	NMAAbar1	.01	transparent
NFKBiya7	NMNMundabli3	.01	transparent
NFKBiya7	NMSMissong4	.01	transparent
NFKBiya7	NNBBuu3	.01	transparent
NFKBiya7	NSFBiya5	.01	transparent
NFKBiya7	NUNMunken4	.01	transparent
NFKBiya7	NVBAbar7	.01	transparent
NFKBiya7	NVIAjumbu1	.01	transparent
NFKBiya7	TELKoshin4	.01	transparent
NFKBiya7	TNTMunken2	.01	transparent
NFKBiya7	WCANgun1	.01	transparent
NFKBiya7	ZKGKung1	.01	transparent
NGTMunken3	NINMundabli4	.01	transparent
NGTMunken3	NJNBiya6	.01	transparent
NGTMunken3	NJSKung4	.01	transparent
NGTMunken3	NMAAbar1	.01	transparent
NGTMunken3	NMNMundabli3	.01	transparent
NGTMunken3	NMSMissong4	.01	transparent
NGTMunken3	NNBBuu3	.01	transparent
NGTMunken3	NSFBiya5	.01	transparent
NGTMunken3	NUNMunken4	.01	transparent
NGTMunken3	NVBAbar7	.01	transparent
NGTMunken3	NVIAjumbu1	.01	transparent
NGTMunken3	TELKoshin4	.01	transparent
NGTMunken3	TNTMunken2	.01	transparent
NGTMunken3	WCANgun1	.01	transparent
NGTMunken3	ZKGKung1	.01	transparent
NINMundabli4	NJNBiya6	.01	transparent
NINMundabli4	NJSKung4	18	purple
NINMundabli4	NMAAbar1	.01	transparent
NINMundabli4	NMNMundabli3	37.333333333333336	grey75
NINMundabli4	NMSMissong4	.01	transparent
NINMundabli4	NNBBuu3	48	red
NINMundabli4	NSFBiya5	.01	transparent
NINMundabli4	NUNMunken4	.01	transparent
NINMundabli4	NVBAbar7	.01	transparent
NINMundabli4	NVIAjumbu1	.01	transparent
NINMundabli4	TELKoshin4	.01	transparent
NINMundabli4	TNTMunken2	.01	transparent
NINMundabli4	WCANgun1	.01	transparent
NINMundabli4	ZKGKung1	14	purple
NJNBiya6	NJSKung4	.01	transparent
NJNBiya6	NMAAbar1	.01	transparent
NJNBiya6	NMNMundabli3	.01	transparent
NJNBiya6	NMSMissong4	.01	transparent
NJNBiya6	NNBBuu3	.01	transparent
NJNBiya6	NSFBiya5	.01	transparent
NJNBiya6	NUNMunken4	.01	transparent
NJNBiya6	NVBAbar7	.01	transparent
NJNBiya6	NVIAjumbu1	.01	transparent
NJNBiya6	TELKoshin4	.01	transparent
NJNBiya6	TNTMunken2	.01	transparent
NJNBiya6	WCANgun1	.01	transparent
NJNBiya6	ZKGKung1	.01	transparent
NJSKung4	NMAAbar1	.01	transparent
NJSKung4	NMNMundabli3	15	purple
NJSKung4	NMSMissong4	.01	transparent
NJSKung4	NNBBuu3	32	blue
NJSKung4	NSFBiya5	.01	transparent
NJSKung4	NUNMunken4	.01	transparent
NJSKung4	NVBAbar7	.01	transparent
NJSKung4	NVIAjumbu1	.01	transparent
NJSKung4	TELKoshin4	.01	transparent
NJSKung4	TNTMunken2	.01	transparent
NJSKung4	WCANgun1	.01	transparent
NJSKung4	ZKGKung1	26.666666666666668	grey75
NMAAbar1	NMNMundabli3	.01	transparent
NMAAbar1	NMSMissong4	.01	transparent
NMAAbar1	NNBBuu3	.01	transparent
NMAAbar1	NSFBiya5	.01	transparent
NMAAbar1	NUNMunken4	.01	transparent
NMAAbar1	NVBAbar7	.01	transparent
NMAAbar1	NVIAjumbu1	.01	transparent
NMAAbar1	TELKoshin4	.01	transparent
NMAAbar1	TNTMunken2	.01	transparent
NMAAbar1	WCANgun1	.01	transparent
NMAAbar1	ZKGKung1	.01	transparent
NMNMundabli3	NMSMissong4	.01	transparent
NMNMundabli3	NNBBuu3	53	red
NMNMundabli3	NSFBiya5	.01	transparent
NMNMundabli3	NUNMunken4	.01	transparent
NMNMundabli3	NVBAbar7	.01	transparent
NMNMundabli3	NVIAjumbu1	.01	transparent
NMNMundabli3	TELKoshin4	.01	transparent
NMNMundabli3	TNTMunken2	.01	transparent
NMNMundabli3	WCANgun1	.01	transparent
NMNMundabli3	ZKGKung1	13	purple
NMSMissong4	NNBBuu3	.01	transparent
NMSMissong4	NSFBiya5	.01	transparent
NMSMissong4	NUNMunken4	.01	transparent
NMSMissong4	NVBAbar7	.01	transparent
NMSMissong4	NVIAjumbu1	.01	transparent
NMSMissong4	TELKoshin4	.01	transparent
NMSMissong4	TNTMunken2	.01	transparent
NMSMissong4	WCANgun1	.01	transparent
NMSMissong4	ZKGKung1	.01	transparent
NNBBuu3	NSFBiya5	.01	transparent
NNBBuu3	NUNMunken4	.01	transparent
NNBBuu3	NVBAbar7	.01	transparent
NNBBuu3	NVIAjumbu1	.01	transparent
NNBBuu3	TELKoshin4	.01	transparent
NNBBuu3	TNTMunken2	.01	transparent
NNBBuu3	WCANgun1	.01	transparent
NNBBuu3	ZKGKung1	27	blue
NSFBiya5	NUNMunken4	.01	transparent
NSFBiya5	NVBAbar7	.01	transparent
NSFBiya5	NVIAjumbu1	.01	transparent
NSFBiya5	TELKoshin4	.01	transparent
NSFBiya5	TNTMunken2	.01	transparent
NSFBiya5	WCANgun1	.01	transparent
NSFBiya5	ZKGKung1	.01	transparent
NUNMunken4	NVBAbar7	.01	transparent
NUNMunken4	NVIAjumbu1	.01	transparent
NUNMunken4	TELKoshin4	.01	transparent
NUNMunken4	TNTMunken2	.01	transparent
NUNMunken4	WCANgun1	.01	transparent
NUNMunken4	ZKGKung1	.01	transparent
NVBAbar7	NVIAjumbu1	.01	transparent
NVBAbar7	TELKoshin4	.01	transparent
NVBAbar7	TNTMunken2	.01	transparent
NVBAbar7	WCANgun1	.01	transparent
NVBAbar7	ZKGKung1	.01	transparent
NVIAjumbu1	TELKoshin4	.01	transparent
NVIAjumbu1	TNTMunken2	.01	transparent
NVIAjumbu1	WCANgun1	.01	transparent
NVIAjumbu1	ZKGKung1	.01	transparent
TELKoshin4	TNTMunken2	.01	transparent
TELKoshin4	WCANgun1	.01	transparent
TELKoshin4	ZKGKung1	.01	transparent
TNTMunken2	WCANgun1	.01	transparent
TNTMunken2	ZKGKung1	.01	transparent
WCANgun1	ZKGKung1	.01	transparent
